Date,Open,High,Low,Close,Volume,Dividends,Stock Splits,Ticker
2024-09-11,29.533480516504632,29.588232830499326,28.837379330003944,29.165878295898438,32907000,0.0,0.0,PETR4.SA
2024-09-12,29.165880351967292,29.18934349989426,28.74352578759223,28.83738136291504,22103300,0.0,0.0,PETR4.SA
2024-09-13,29.025088331829387,29.369227345466307,28.618376961014366,28.70441246032715,34729600,0.0,0.0,PETR4.SA
2024-09-16,29.126770037561975,29.502195269965675,29.06419767368743,29.103303909301758,22614800,0.0,0.0,PETR4.SA
2024-09-17,29.07202016786672,29.087663260148545,28.704417941895585,28.97034454345703,23443700,0.0,0.0,PETR4.SA
2024-09-18,28.868664969877116,28.884308061635732,28.274242401123047,28.274242401123047,38777000,0.0,0.0,PETR4.SA
2024-09-19,28.602737708965865,28.766985693172014,28.305524939725256,28.36809730529785,25059700,0.0,0.0,PETR4.SA
2024-09-20,28.36809830633462,28.469776912170758,28.211670370497803,28.360275268554688,48336200,0.0,0.0,PETR4.SA
2024-09-23,28.461955516658485,28.90777322016773,28.3289937028748,28.649669647216797,28218500,0.0,0.0,PETR4.SA
2024-09-24,29.11894316629449,29.181515521930383,28.720054841765144,28.76698112487793,35104100,0.0,0.0,PETR4.SA
2024-09-25,29.017269001927414,29.27537553283528,28.90777034649302,28.97816276550293,38655300,0.0,0.0,PETR4.SA
2024-09-26,28.876485291666125,28.876485291666125,28.13345781973852,28.352455139160156,58048200,0.0,0.0,PETR4.SA
2024-09-27,28.454135346009014,28.454135346009014,28.102173217406747,28.242958068847656,34537400,0.0,0.0,PETR4.SA
2024-09-30,28.282061300356354,28.375916863460986,28.094347190532538,28.16473960876465,21146300,0.0,0.0,PETR4.SA
2024-10-01,28.164738760536018,29.345766743793412,28.023956911926234,28.915592193603516,49748200,0.0,0.0,PETR4.SA
2024-10-02,29.525658992014073,29.66644382987046,29.212803133752196,29.314481735229492,32014500,0.0,0.0,PETR4.SA
2024-10-03,29.283198445532317,29.75248227928512,29.10330735352562,29.674266815185547,31033000,0.0,0.0,PETR4.SA
2024-10-04,29.83851369237593,29.87761992723748,29.463085483584543,29.596050262451172,22526800,0.0,0.0,PETR4.SA
2024-10-07,29.7524784311065,30.01840500742041,29.642979779144508,30.010581970214844,36418000,0.0,0.0,PETR4.SA
2024-10-08,29.306664825331392,29.52566215943934,29.291021732378695,29.408340454101562,34142000,0.0,0.0,PETR4.SA
2024-10-09,29.22844656389097,29.34576825800301,28.946876884913777,29.111127853393555,30789800,0.0,0.0,PETR4.SA
2024-10-10,29.251910760908764,29.51783733086664,29.18933839921777,29.447444915771484,20630100,0.0,0.0,PETR4.SA
2024-10-11,29.408337621444694,29.447446841866828,29.18934030843091,29.423980712890625,16343000,0.0,0.0,PETR4.SA
2024-10-14,29.306664085418475,29.64298311637306,29.212805530071964,29.494375228881836,22279000,0.0,0.0,PETR4.SA
2024-10-15,29.103307089394306,29.25973503255889,28.98598836973201,29.251914978027344,28204600,0.0,0.0,PETR4.SA
2024-10-16,29.36923048853953,29.392696616799746,29.08766081833312,29.103303909301758,23041200,0.0,0.0,PETR4.SA
2024-10-17,29.103303255390784,29.103303255390784,28.696591850188057,28.884305953979492,22174300,0.0,0.0,PETR4.SA
2024-10-18,28.92341574928899,28.993808173924524,28.477598054468874,28.80609703063965,32000800,0.0,0.0,PETR4.SA
2024-10-21,28.93905765928071,28.97816389723247,28.313348901208393,28.352455139160156,28390000,0.0,0.0,PETR4.SA
2024-10-22,28.31335049456811,28.39156297487311,28.149102495758676,28.242958068847656,29144300,0.0,0.0,PETR4.SA
2024-10-23,28.08653112432053,28.10999427252419,27.820604504757434,27.8909969329834,30769100,0.0,0.0,PETR4.SA
2024-10-24,28.039601331585985,28.180386185463625,27.812783941329723,28.078710556030273,23058900,0.0,0.0,PETR4.SA
2024-10-25,28.12563452122352,28.540168993790186,28.039599008358465,28.274242401123047,32585900,0.0,0.0,PETR4.SA
2024-10-28,27.75803503824464,28.258602089304976,27.64071333032082,28.22731590270996,27507100,0.0,0.0,PETR4.SA
2024-10-29,28.415026083067925,28.48541551768548,28.000491627427905,28.16473960876465,26090200,0.0,0.0,PETR4.SA
2024-10-30,28.250773802479006,28.44630795694946,28.039596557617188,28.039596557617188,26144700,0.0,0.0,PETR4.SA
2024-10-31,28.055244499232163,28.19602935348411,27.86753334930619,28.086530685424805,25597000,0.0,0.0,PETR4.SA
2024-11-01,28.313350077721637,28.44631188900557,27.60942583088071,27.70328140258789,30605300,0.0,0.0,PETR4.SA
2024-11-04,28.07870590922826,28.117812143585848,27.671994507957567,27.765850067138672,24003600,0.0,0.0,PETR4.SA
2024-11-05,27.765856540217193,27.84406902716612,27.39825128760396,27.679821014404297,23990600,0.0,0.0,PETR4.SA
2024-11-06,27.413893389504,27.73456934817233,27.406073334538195,27.68764305114746,28440800,0.0,0.0,PETR4.SA
2024-11-07,27.758030089638932,28.07088294896983,27.585959077657556,27.773670196533203,34081200,0.0,0.0,PETR4.SA
2024-11-08,28.039600055767263,28.40720526678983,27.797139583488367,28.297706604003906,49865100,0.0,0.0,PETR4.SA
2024-11-11,28.149100911642165,28.485416944919088,28.078708489883113,28.352455139160156,21446300,0.0,0.0,PETR4.SA
2024-11-12,28.4384883140411,29.025090785919456,28.42284522342394,28.884305953979492,39412300,0.0,0.0,PETR4.SA
2024-11-13,28.89995082102774,28.99380638688537,28.571451865104066,28.84520149230957,34090000,0.0,0.0,PETR4.SA
2024-11-14,28.87648648555094,29.197165407411948,28.829560191514563,29.150236129760742,30262100,0.0,0.0,PETR4.SA
2024-11-18,29.095482187763167,29.95583125641808,29.095482187763167,29.87761878967285,39004100,0.0,0.0,PETR4.SA
2024-11-19,29.799404415148302,29.95583233790056,29.4474453184738,29.56476402282715,26002700,0.0,0.0,PETR4.SA
2024-11-21,29.697731889093923,29.82287364358378,29.369232918798815,29.650802612304688,36048400,0.0,0.0,PETR4.SA
2024-11-22,30.276505205906847,31.152500292177017,30.088794104287643,30.83182144165039,85234900,0.0,0.0,PETR4.SA
2024-11-25,30.80054146407961,31.175966690143397,30.620650396399952,30.644113540649414,41119500,0.0,0.0,PETR4.SA
2024-11-26,30.7848963199628,30.902215016999207,30.550255942275715,30.605005264282227,35188200,0.0,0.0,PETR4.SA
2024-11-27,30.65975808608673,30.78489983404567,30.30779598757264,30.49551010131836,30600700,0.0,0.0,PETR4.SA
2024-11-28,30.354724444791053,30.737969732267295,30.01840544677706,30.182653427124023,33113500,0.0,0.0,PETR4.SA
2024-11-29,30.11226352064967,30.675402910078294,30.041871096971093,30.425119400024414,44011700,0.0,0.0,PETR4.SA
2024-12-02,30.425120871651178,30.816189247977725,30.323442258394095,30.620655059814453,31711800,0.0,0.0,PETR4.SA
2024-12-03,30.81618336136814,30.89439582824707,30.565899887018325,30.89439582824707,22536200,0.0,0.0,PETR4.SA
2024-12-04,30.894401987646795,31.175971698330322,30.487690514838917,30.698867797851562,31584400,0.0,0.0,PETR4.SA
2024-12-05,30.80836633896992,31.13686532794312,30.667581484212107,31.0039005279541,25214200,0.0,0.0,PETR4.SA
2024-12-06,31.00389829777441,31.050827573856267,30.472045103305618,30.52679443359375,31118500,0.0,0.0,PETR4.SA
2024-12-09,30.800541422017968,31.41842709412101,30.784898331334865,31.31675148010254,28548700,0.0,0.0,PETR4.SA
2024-12-10,31.52010800777837,31.62178661288242,31.371503110791437,31.434072494506836,21837600,0.0,0.0,PETR4.SA
2024-12-11,31.55920746128387,31.879883315878317,31.246354642731312,31.74692153930664,46900900,0.0,0.0,PETR4.SA
2024-12-12,31.488115377111114,31.62636232413821,31.000177859001187,31.179088592529297,38310600,1.551743,0.0,PETR4.SA
2024-12-13,31.390524542565252,31.49624479853798,30.837530575923438,30.983911514282227,23235400,0.0,0.0,PETR4.SA
2024-12-16,31.057104442838785,31.114030023129384,30.764345645149184,30.853797912597656,21349400,0.0,0.0,PETR4.SA
2024-12-17,30.85380065041461,31.301077538403447,30.76434837502858,31.146562576293945,39617200,0.0,0.0,PETR4.SA
2024-12-18,31.130298024948935,31.227887402797386,30.34147071838379,30.34147071838379,58126400,0.0,0.0,PETR4.SA
2024-12-19,30.626093547876945,30.845664958151605,30.07309957434326,30.219480514526367,43268400,0.0,0.0,PETR4.SA
2024-12-20,30.21948557809432,30.37399743986145,29.853533166317675,29.967384338378906,59277400,0.0,0.0,PETR4.SA
2024-12-23,30.08936652637357,30.130027212048,29.8616642048276,29.975515365600586,43785600,0.0,0.0,PETR4.SA
2024-12-26,30.082647116324363,30.395039677863377,30.05731572646629,30.200849533081055,22920700,1.356891,0.0,PETR4.SA
2024-12-27,30.39504517249845,30.39504517249845,30.06576603178703,30.107980728149414,24167200,0.0,0.0,PETR4.SA
2024-12-30,30.20929056771046,30.70743161445734,30.200848918445768,30.555456161499023,22355600,0.0,0.0,PETR4.SA
2025-01-02,30.749652881053148,31.31534012604026,30.55546269867695,31.045162200927734,30046800,0.0,0.0,PETR4.SA
2025-01-03,31.13803280119946,31.27312174785387,30.66521987752176,30.715879440307617,23314200,0.0,0.0,PETR4.SA
2025-01-06,30.901626768899813,30.977614507707546,30.445703556828153,30.57234764099121,23760200,0.0,0.0,PETR4.SA
2025-01-07,30.85940955804572,31.450424898275596,30.648332880876087,31.222461700439453,37753300,0.0,0.0,PETR4.SA
2025-01-08,31.2309077732917,31.340665330687035,30.75809483875351,30.96917152404785,24483500,0.0,0.0,PETR4.SA
2025-01-09,30.986057066260887,31.214020265668506,30.986057066260887,31.104259490966797,11526600,0.0,0.0,PETR4.SA
2025-01-10,31.450424514170816,31.678387709222843,31.154918458052148,31.188688278198242,40328800,0.0,0.0,PETR4.SA
2025-01-13,31.492640632907356,31.68683079584401,31.214021084615496,31.298450469970703,22897100,0.0,0.0,PETR4.SA
2025-01-14,31.332223459723217,31.349109980920776,30.88474192069899,31.087373733520508,29173100,0.0,0.0,PETR4.SA
2025-01-15,31.180242911377647,31.50952196916371,31.070482151857604,31.484193801879883,32512700,0.0,0.0,PETR4.SA
2025-01-16,31.41665174927039,31.441983140570585,31.045157958203845,31.28156280517578,26733200,0.0,0.0,PETR4.SA
2025-01-17,31.247788518047372,31.57707082562491,31.11269957933903,31.4082088470459,39941100,0.0,0.0,PETR4.SA
2025-01-20,31.425092597701568,31.602396210236513,31.332218356628765,31.484193801879883,13912800,0.0,0.0,PETR4.SA
2025-01-21,31.32377755599236,31.53485423284076,31.00294332614043,31.492639541625977,23612200,0.0,0.0,PETR4.SA
2025-01-22,31.54329558477881,31.771258756837895,31.264672856448552,31.315332412719727,21832200,0.0,0.0,PETR4.SA
2025-01-23,31.340664063168308,31.585513781193132,30.986056792187103,31.09581756591797,26725700,0.0,0.0,PETR4.SA
2025-01-24,31.138031214501236,31.154917734569374,30.73276439518916,30.935396194458008,16216500,0.0,0.0,PETR4.SA
2025-01-27,30.87629549177215,31.49263899089822,30.791866110819047,31.39132308959961,29809700,0.0,0.0,PETR4.SA
2025-01-28,31.577069009817663,31.653056734769905,31.138029179068504,31.349105834960938,27621700,0.0,0.0,PETR4.SA
2025-01-29,31.40820619202699,31.517966951941137,31.036709226401907,31.15491485595703,18204400,0.0,0.0,PETR4.SA
2025-01-30,31.27312224217184,31.669944217555845,31.070487208600007,31.568628311157227,30916000,0.0,0.0,PETR4.SA
2025-01-31,31.5686233363829,32.39604341992672,31.450420927415795,31.821914672851562,37044800,0.0,0.0,PETR4.SA
2025-02-03,31.881021174005,31.923239087742207,31.560186930869627,31.661502838134766,24877600,0.0,0.0,PETR4.SA
2025-02-04,31.492636414996188,31.534851102019843,31.08736962217562,31.349105834960938,34290300,0.0,0.0,PETR4.SA
2025-02-05,31.28156236075434,31.298448881123065,31.028270996772306,31.121145248413086,20539800,0.0,0.0,PETR4.SA
2025-02-06,31.10426265423725,31.340667527691195,30.98606021751028,31.062047958374023,17512400,0.0,0.0,PETR4.SA
2025-02-07,31.121145676331665,31.26467627027775,30.707433973545378,30.884740829467773,21438700,0.0,0.0,PETR4.SA
2025-02-10,31.078931045284413,31.26467633070455,31.00294331282066,31.09581756591797,17483300,0.0,0.0,PETR4.SA
2025-02-11,31.247789810070994,31.31533589260522,30.969170271553548,31.09581756591797,16624300,0.0,0.0,PETR4.SA
2025-02-12,30.94384264442423,31.02827202830026,30.487916241634743,30.631446838378906,37364500,0.0,0.0,PETR4.SA
2025-02-13,30.563904354557213,30.6736651315772,30.411928885075568,30.665220260620117,15351300,0.0,0.0,PETR4.SA
2025-02-14,30.76653876223621,31.729051223745135,30.73276893788271,31.6108455657959,40322000,0.0,0.0,PETR4.SA
2025-02-17,31.77970455904394,32.01610941098968,31.636173962012467,31.80503273010254,22615200,0.0,0.0,PETR4.SA
2025-02-18,31.847251767632276,32.45515043992938,31.8388068964648,32.38760757446289,44062600,0.0,0.0,PETR4.SA
2025-02-19,32.176527267080274,32.64089528504732,31.973892251922745,32.45514678955078,32648200,0.0,0.0,PETR4.SA
2025-02-20,32.438263698152944,32.564910998608,32.345392661363825,32.50580978393555,26641200,0.0,0.0,PETR4.SA
2025-02-21,32.531135771016146,32.531135771016146,32.22718484695621,32.412933349609375,30115200,0.0,0.0,PETR4.SA
2025-02-24,32.50580830705392,32.51424995700588,31.91479296640713,32.18497085571289,27830300,0.0,0.0,PETR4.SA
2025-02-25,32.18496964560479,32.45514752475225,31.940123156909777,32.041439056396484,31960900,0.0,0.0,PETR4.SA
2025-02-26,32.29473041550043,32.29473041550043,31.872577076735723,32.041439056396484,27420200,0.0,0.0,PETR4.SA
2025-02-27,30.69899752191725,31.019835026113395,29.95600659353803,30.91007423400879,129693500,0.0,0.0,PETR4.SA
2025-02-28,30.80875037269077,30.859406709239437,30.234621606128478,30.3359375,55476800,0.0,0.0,PETR4.SA
2025-03-05,29.56762436663716,29.643612107067607,29.17079914208094,29.229900360107422,48552000,0.0,0.0,PETR4.SA
2025-03-06,29.390316530070617,29.65204953814829,28.73175513313389,28.925945281982422,47749600,0.0,0.0,PETR4.SA
2025-03-07,28.951277874767793,29.4916336541403,28.900618312661184,29.23834228515625,28074700,0.0,0.0,PETR4.SA
2025-03-10,29.196130536074307,29.229900360107422,28.70643104868367,29.229900360107422,35037200,0.0,0.0,PETR4.SA
2025-03-11,29.339657960915574,29.46630525481205,28.630440200799153,28.790857315063477,28805400,0.0,0.0,PETR4.SA
2025-03-12,28.841516876776964,29.04415190285643,28.67265489183982,28.790857315063477,20149100,0.0,0.0,PETR4.SA
2025-03-13,28.858402593931515,29.1623535142015,28.74020017399861,29.07792091369629,19263600,0.0,0.0,PETR4.SA
2025-03-14,29.213007882437473,30.192403436787625,29.018817745541014,29.972885131835938,41529400,0.0,0.0,PETR4.SA
2025-03-17,30.06576046347101,30.741205142498337,30.05731559329763,30.530128479003906,31175900,0.0,0.0,PETR4.SA
2025-03-18,30.555456161499023,30.741204653064575,30.319051332796853,30.555456161499023,15086400,0.0,0.0,PETR4.SA
2025-03-19,30.62300272626534,30.673662284982747,30.42036771217,30.530128479003906,21180500,0.0,0.0,PETR4.SA
2025-03-20,30.530127340366985,30.800305201901494,30.192403403061768,30.597673416137695,46921900,0.0,0.0,PETR4.SA
2025-03-21,30.58079360969331,31.26468006272723,30.547020564394757,31.07048988342285,61175700,0.0,0.0,PETR4.SA
2025-03-24,30.98605793602919,31.188689749562982,30.81719594423463,31.02827262878418,20348000,0.0,0.0,PETR4.SA
2025-03-25,31.112700546143483,31.67838770884535,30.926955262631587,31.273120880126953,28036100,0.0,0.0,PETR4.SA
2025-03-26,31.365996498359987,31.771263344729057,31.365996498359987,31.568628311157227,26870300,0.0,0.0,PETR4.SA
2025-03-27,31.602400920084634,32.05832732378675,31.5686278781568,31.80503273010254,28444400,0.0,0.0,PETR4.SA
2025-03-28,31.78815216656677,31.982342343207897,31.315339201196096,31.60240364074707,22057700,0.0,0.0,PETR4.SA
2025-03-31,31.534852531073803,31.779702235990595,31.30689256666086,31.374435424804688,26049400,0.0,0.0,PETR4.SA
2025-04-01,31.492639541625977,32.05832671038242,31.408210159196415,31.492639541625977,19075600,0.0,0.0,PETR4.SA
2025-04-02,31.4673100564324,31.49263822594823,31.09581628017805,31.4082088470459,16959200,0.0,0.0,PETR4.SA
2025-04-03,30.5216858872324,30.64832994895429,30.06575953517555,30.395038604736328,65896000,0.0,0.0,PETR4.SA
2025-04-04,29.3312157727688,29.559175744360072,28.546010294878464,29.170795440673828,87263200,0.0,0.0,PETR4.SA
2025-04-07,28.638882382609918,29.17079651777014,27.954996001035596,28.014097213745117,85724900,0.0,0.0,PETR4.SA
2025-04-08,28.453138691611684,28.655770512054687,26.916499022970243,27.0178165435791,62128500,0.0,0.0,PETR4.SA
2025-04-09,26.435241660944698,28.351819818601133,26.20728008157482,28.11541175842285,106391600,0.0,0.0,PETR4.SA
2025-04-10,27.862119945663466,27.879006465456786,26.34236859278214,26.36769676208496,71250600,0.0,0.0,PETR4.SA
2025-04-11,26.595660928631446,27.27110564139418,25.987760687144984,26.89116859436035,65329400,0.0,0.0,PETR4.SA
2025-04-14,27.524398095231238,27.76080616963376,26.545004028163998,26.789852142333984,56015200,0.0,0.0,PETR4.SA
2025-04-15,26.789849242447797,26.90805326685398,26.15661926382487,26.173505783081055,58276900,0.0,0.0,PETR4.SA
2025-04-16,26.418355481134398,26.570329323278727,26.04686010943389,26.173505783081055,73227700,0.0,0.0,PETR4.SA
2025-04-17,26.535268069509105,26.976513350083806,26.353578059760853,26.691001892089844,65752700,0.74813,0.0,PETR4.SA
2025-04-22,26.64774092995425,27.037075476906555,26.24110390885794,26.751564025878906,41683900,0.0,0.0,PETR4.SA
2025-04-23,27.123595568072314,27.495626006025017,26.38818675470211,26.448749542236328,71566500,0.0,0.0,PETR4.SA
2025-04-24,26.656393485095446,26.682349672109655,26.00750366164961,26.32762336730957,61589200,0.0,0.0,PETR4.SA
2025-04-25,26.249757050061607,26.587179237815636,26.128631475013943,26.40549087524414,35581500,0.0,0.0,PETR4.SA
2025-04-28,26.440097869292842,26.63043994744756,26.171890527598364,26.301668167114258,27362000,0.0,0.0,PETR4.SA
2025-04-29,26.215149130758977,26.656394424273895,26.085371491539817,26.44009780883789,33041100,0.0,0.0,PETR4.SA
2025-04-30,26.310319749876232,26.45740151203473,25.920985188217795,25.946941375732422,52798300,0.0,0.0,PETR4.SA
2025-05-02,26.128630458814065,26.65639305114746,25.929636328702262,26.65639305114746,33146600,0.0,0.0,PETR4.SA
2025-05-05,26.448751874016395,26.49201219050633,25.66143226623535,25.66143226623535,59011700,0.0,0.0,PETR4.SA
2025-05-06,26.0507644177256,26.293015566475358,25.920985130652873,26.085371017456055,52751300,0.0,0.0,PETR4.SA
2025-05-07,26.21514760430981,26.21514760430981,25.86907336980577,26.206497192382812,35050400,0.0,0.0,PETR4.SA
2025-05-08,26.466052364925424,26.846734846680132,26.344926795817518,26.569873809814453,44665000,0.0,0.0,PETR4.SA
2025-05-09,26.907300094533337,26.976514947533182,26.509313452125024,26.7429141998291,25075600,0.0,0.0,PETR4.SA
2025-05-12,27.599446707585972,27.833045788852942,27.383150100708008,27.383150100708008,53493600,0.0,0.0,PETR4.SA
2025-05-13,27.48697329021165,27.902262380758064,27.123594923430502,27.79844093322754,56165300,0.0,0.0,PETR4.SA
2025-05-14,27.68596780758911,27.78978926274869,27.42641251947787,27.60810089111328,28060100,0.0,0.0,PETR4.SA
2025-05-15,27.42641029212937,27.763832469313765,27.331239257451863,27.5734920501709,32468300,0.0,0.0,PETR4.SA
2025-05-16,27.54753613664703,27.824395530951076,27.391802314797964,27.703269958496094,48111800,0.0,0.0,PETR4.SA
2025-05-19,27.547535547688362,27.772482563091977,27.426409977823013,27.66866111755371,30200500,0.0,0.0,PETR4.SA
2025-05-20,27.729226995008474,28.040694666784173,27.64270966414839,27.781139373779297,33485800,0.0,0.0,PETR4.SA
2025-05-21,27.867654310485282,28.02338813299379,27.417758617942233,27.469669342041016,28724100,0.0,0.0,PETR4.SA
2025-05-22,27.374496222590544,27.38314828431721,27.00246581940418,27.10628890991211,42207300,0.0,0.0,PETR4.SA
2025-05-23,26.89864751445733,27.166854858398438,26.708307084920456,27.166854858398438,25732400,0.0,0.0,PETR4.SA
2025-05-26,27.218763401954405,27.279327836243947,26.94190401747919,27.080333709716797,21277100,0.0,0.0,PETR4.SA
2025-05-27,27.270677237421165,27.40045487458068,27.132247537756058,27.279329299926758,34361500,0.0,0.0,PETR4.SA
2025-05-28,27.400452684143332,27.44371134300094,27.192808151245117,27.192808151245117,30516200,0.0,0.0,PETR4.SA
2025-05-29,27.23606785015361,27.25337197444226,26.86403742900824,27.028423309326172,20778800,0.0,0.0,PETR4.SA
2025-05-30,26.950555245437084,27.054378336508158,26.7342586517334,26.7342586517334,45127700,0.0,0.0,PETR4.SA
2025-06-02,27.374495655424496,27.3831477169719,26.82942897963408,26.889991760253906,35111000,0.0,0.0,PETR4.SA
2025-06-03,26.630786348693125,27.005114749374776,26.194070164554464,26.898164749145508,59828700,0.909166,0.0,PETR4.SA
2025-06-04,26.951639575773793,27.13880462487965,26.087119996403715,26.15842056274414,41952900,0.0,0.0,PETR4.SA
2025-06-05,26.292109170240998,26.41688473757672,26.033643552257445,26.167333602905273,23774000,0.0,0.0,PETR4.SA
2025-06-06,26.247544565226296,26.58622180286907,26.167331222111528,26.443620681762695,28069300,0.0,0.0,PETR4.SA
2025-06-09,26.04255759566587,26.265372090940033,25.721705878430065,25.997995376586914,43834800,0.0,0.0,PETR4.SA
2025-06-10,26.21189640014537,26.933814869904324,26.158421398666096,26.78230094909668,46241800,0.0,0.0,PETR4.SA
2025-06-11,27.005115713750534,27.771598109170327,27.005115713750534,27.673559188842773,52432400,0.0,0.0,PETR4.SA
2025-06-12,27.450745703090362,28.4400426264608,27.388357915119204,28.297441482543945,51729500,0.0,0.0,PETR4.SA
2025-06-13,29.509551718973164,29.563025020866757,28.671767057260823,28.99262046813965,74902600,0.0,0.0,PETR4.SA
2025-06-16,28.99261879432193,29.349123319134115,28.5826409707033,28.707416534423828,45972200,0.0,0.0,PETR4.SA
2025-06-17,28.85893375851461,29.491726095497537,28.850019274963124,29.358036041259766,57633400,0.0,0.0,PETR4.SA
2025-06-18,29.375861045390295,29.598675531596008,28.95697212324144,29.331298828125,49342900,0.0,0.0,PETR4.SA
2025-06-20,29.170871930879567,29.554113116579405,29.081747496945322,29.25108528137207,85062700,0.0,0.0,PETR4.SA
2025-06-23,29.669975711686675,29.714537925816785,28.35091275419768,28.520252227783203,54592400,0.0,0.0,PETR4.SA
2025-06-24,27.88746065083971,28.377651818392746,27.753770605198387,27.95876121520996,48728300,0.0,0.0,PETR4.SA
2025-06-25,27.914197207840424,28.110275034165802,27.816158294677734,27.816158294677734,23127700,0.0,0.0,PETR4.SA
2025-06-26,27.940937541775238,28.163752033017563,27.90528640720543,28.03897476196289,17227000,0.0,0.0,PETR4.SA
2025-06-27,27.97658498896594,28.0300616870217,27.75377051355222,27.816158294677734,16482100,0.0,0.0,PETR4.SA
2025-06-30,27.81616033298955,28.065713175717878,27.718123112582433,27.967674255371094,23091100,0.0,0.0,PETR4.SA
2025-07-01,28.030062541912745,28.137012541407067,27.86072305945055,28.065711975097656,17014100,0.0,0.0,PETR4.SA
2025-07-02,28.145923033416835,28.734154782507854,28.056796907800653,28.5648136138916,28311600,0.0,0.0,PETR4.SA
2025-07-03,28.520254014239402,28.86784406605727,28.466779013945793,28.66285514831543,14322300,0.0,0.0,PETR4.SA
2025-07-04,28.52025299092109,28.796544165727113,28.493514641763863,28.6272029876709,9356900,0.0,0.0,PETR4.SA
2025-07-07,28.62720376864415,28.751979334902753,28.431127635960692,28.57373046875,17938800,0.0,0.0,PETR4.SA
2025-07-08,28.58264069145298,29.046095209229254,28.546989559344244,28.983707427978516,28778300,0.0,0.0,PETR4.SA
2025-07-09,29.028270645050146,29.081747345058933,28.573730594552703,28.805456161499023,22338900,0.0,0.0,PETR4.SA
2025-07-10,28.529165243586355,28.903495347374978,28.270701324228973,28.73415756225586,23102800,0.0,0.0,PETR4.SA
2025-07-11,28.698503992963683,29.144132926395173,28.653941779596323,29.081745147705078,23946700,0.0,0.0,PETR4.SA
2025-07-14,29.08174657516387,29.206522138668586,28.62720313682057,28.698505401611328,24106300,0.0,0.0,PETR4.SA
2025-07-15,28.734156450975764,28.858932014119922,28.350913578591094,28.475690841674805,18688300,0.0,0.0,PETR4.SA
2025-07-16,28.431128956766223,28.475692875314284,28.04788775695129,28.333091735839844,27588900,0.0,0.0,PETR4.SA
2025-07-17,28.315264288492738,28.315264288492738,27.98549811288988,28.04788589477539,27497600,0.0,0.0,PETR4.SA
2025-07-18,27.985498467996113,28.163750732736176,27.27249280891503,27.62008285522461,57635000,0.0,0.0,PETR4.SA
2025-07-21,27.5309580501516,27.878549813158536,27.424008046103054,27.673559188842773,16412000,0.0,0.0,PETR4.SA
2025-07-22,27.673556748465614,28.145924041186962,27.620081751157006,27.940935134887695,24557100,0.0,0.0,PETR4.SA
2025-07-23,27.940936561385367,28.546990528349983,27.89637264473676,28.511341094970703,27418600,0.0,0.0,PETR4.SA
2025-07-24,28.457865018521073,28.538078365514913,28.208312194546956,28.466777801513672,17856300,0.0,0.0,PETR4.SA
2025-07-25,28.51133893011391,28.68067840064152,28.440038368829576,28.502426147460938,13341000,0.0,0.0,PETR4.SA
2025-07-28,28.66285386987175,28.90349391036918,28.235050486724894,28.53807830810547,27972800,0.0,0.0,PETR4.SA
2025-07-29,28.689590539330975,29.055006141855472,28.51133997952901,28.912405014038086,33284000,0.0,0.0,PETR4.SA
2025-07-30,28.78763156412192,29.260000597073038,28.760894913156893,29.206523895263672,27110400,0.0,0.0,PETR4.SA
2025-07-31,28.921318509478454,29.18869519002195,28.89457846150884,29.090656280517578,23544900,0.0,0.0,PETR4.SA
2025-08-01,29.233258838588288,29.331297752905595,28.55590432130008,28.707416534423828,24191800,0.0,0.0,PETR4.SA
2025-08-04,28.707417365236836,28.760894065470055,28.48460288075059,28.66285514831543,15215600,0.0,0.0,PETR4.SA
2025-08-05,28.636118328814685,28.885669462002348,28.546990495619664,28.796545028686523,20635500,0.0,0.0,PETR4.SA
2025-08-06,29.055005940447728,29.358033759943986,28.68959034045627,28.832191467285156,32854600,0.0,0.0,PETR4.SA
2025-08-07,29.090659388116993,29.2778227445032,28.903496031730782,28.99262046813965,21111400,0.0,0.0,PETR4.SA
2025-08-08,28.07462549775832,28.564816691552846,27.210105895996094,27.210105895996094,107235300,0.0,0.0,PETR4.SA
2025-08-11,27.37052752520011,27.655731462728347,27.25466475365694,27.379440307617188,28045800,0.0,0.0,PETR4.SA
2025-08-12,27.441831638477943,27.869635023763102,27.317054376148448,27.450742721557617,37973300,0.0,0.0,PETR4.SA
2025-08-13,27.45074315480198,27.504219853761285,27.103153111264355,27.24575424194336,38340700,0.0,0.0,PETR4.SA
2025-08-14,27.388355933398802,27.388355933398802,26.755563615546745,26.898164749145508,43087500,0.0,0.0,PETR4.SA
2025-08-15,26.826865829046483,26.933815835840612,26.506012408784677,26.889253616333008,55416100,0.0,0.0,PETR4.SA
2025-08-18,26.96055292440014,27.227929628798506,26.755564004365418,27.058591842651367,31498100,0.0,0.0,PETR4.SA
2025-08-19,26.915989035752446,26.942725684568412,26.604048433363157,26.773387908935547,39294300,0.0,0.0,PETR4.SA
2025-08-20,26.84469056618393,27.058592273093247,26.826864998956573,26.933815002441406,23706600,0.0,0.0,PETR4.SA
2025-08-21,26.933814891182674,27.120979946417464,26.74665153588753,26.996204376220703,23327000,0.0,0.0,PETR4.SA
2025-08-22,27.244052200930334,27.772708892822266,27.16201911611049,27.772708892822266,49813600,0.671924,0.0,PETR4.SA
2025-08-25,27.77271093317517,28.055270129870827,27.727137766484834,27.936777114868164,21075300,0.0,0.0,PETR4.SA
2025-08-26,27.78182499623918,27.87297306511298,27.553955693307092,27.736251831054688,21789700,0.0,0.0,PETR4.SA
2025-08-27,27.75448294604847,27.964122296217763,27.672449854503114,27.945892333984375,16349100,0.0,0.0,PETR4.SA
2025-08-28,28.055270565332272,28.374286214125974,27.991465697068634,28.191991806030273,25802500,0.0,0.0,PETR4.SA
2025-08-29,28.191989802217183,28.57481029206464,28.119071696460754,28.346940994262695,27713400,0.0,0.0,PETR4.SA
2025-09-01,28.438090563770412,28.59304176400364,28.301367587060902,28.41074562072754,9889700,0.0,0.0,PETR4.SA
2025-09-02,28.25579408135046,28.656844548641306,28.25579408135046,28.556581497192383,19812000,0.0,0.0,PETR4.SA
2025-09-03,28.365169999150183,28.57480932881997,28.182873871651843,28.31048011779785,29788800,0.0,0.0,PETR4.SA
2025-09-04,28.255791974950235,28.547464388143805,28.19198885187723,28.31048011779785,24816500,0.0,0.0,PETR4.SA
2025-09-05,28.328711327226358,28.337826307853614,27.517497174953224,27.88208770751953,46121900,0.0,0.0,PETR4.SA
2025-09-08,28.10084264630075,28.228448900884743,27.809170213820295,27.991464614868164,18164200,0.0,0.0,PETR4.SA
2025-09-09,28.12818915075912,28.392516655433475,28.08261424408773,28.210222244262695,31283900,0.0,0.0,PETR4.SA
2025-09-10,28.219336164842385,28.747994663897867,28.182877977134577,28.72064971923828,35949600,0.0,0.0,PETR4.SA
2025-09-11,28.52923781128803,28.693303997794,28.50189460587365,28.611270904541016,17607900,0.0,0.0,PETR4.SA
2025-09-12,28.665958189911702,28.893827486370444,28.401628971537274,28.419858932495117,19318400,0.0,0.0,PETR4.SA
2025-09-15,28.529235434838277,28.757104733003136,28.310481117220586,28.665958404541016,21978400,0.0,0.0,PETR4.SA
2025-09-16,28.80268137930979,28.875599489596453,28.565697086251916,28.73887825012207,19154700,0.0,0.0,PETR4.SA
2025-09-17,28.74799153465424,28.97586083316543,28.675071690166067,28.91205596923828,29148100,0.0,0.0,PETR4.SA
2025-09-18,28.957633721236615,29.003206890020966,28.42897696621536,28.629501342773438,25702900,0.0,0.0,PETR4.SA
2025-09-19,28.647727432118366,28.66595739256914,28.173758891426456,28.31048011779785,48871300,0.0,0.0,PETR4.SA
2025-09-22,28.255793138105233,28.684186795305102,28.10995692550507,28.593040466308594,22016100,0.0,0.0,PETR4.SA
2025-09-23,28.70241677163753,29.24930343842883,28.675071829821288,29.076122283935547,39895300,0.0,0.0,PETR4.SA
2025-09-24,29.313106952994037,29.74150235460711,29.22196062274044,29.732385635375977,36414400,0.0,0.0,PETR4.SA
2025-09-25,29.80530760995323,29.896453946716715,29.386028897625398,29.495405197143555,29556300,0.0,0.0,PETR4.SA
2025-09-26,29.61389767359798,29.841766988338772,29.303995266470107,29.3951416015625,27819700,0.0,0.0,PETR4.SA
2025-09-29,29.404252821805823,29.6594688011281,28.921171020425458,28.994089126586914,35720000,0.0,0.0,PETR4.SA
2025-09-30,28.884714713686748,29.076124102860128,28.40163114240814,28.675073623657227,48611500,0.0,0.0,PETR4.SA
2025-10-01,28.665960554039344,28.757106889336015,28.529237574084522,28.602155685424805,24817000,0.0,0.0,PETR4.SA
2025-10-02,28.602153013384847,28.629497954522204,28.274022412260308,28.328710556030273,25497100,0.0,0.0,PETR4.SA
2025-10-03,28.40163074490556,28.556581945712686,28.255794525146484,28.255794525146484,19756800,0.0,0.0,PETR4.SA
2025-10-06,28.438088287782108,28.465431490131753,27.982349704570886,28.000577926635742,21245400,0.0,0.0,PETR4.SA
2025-10-07,28.000580376166294,28.128188372811977,27.66333476864991,28.10084342956543,29068800,0.0,0.0,PETR4.SA
2025-10-08,28.328712607022574,28.328712607022574,27.80005587629229,27.936777114868164,17687400,0.0,0.0,PETR4.SA
2025-10-09,27.945892000067044,28.109958181197374,27.517498323730514,27.53572654724121,22879700,0.0,0.0,PETR4.SA
2025-10-10,27.43546520149034,27.490153348969027,27.225825854068002,27.289628982543945,50214400,0.0,0.0,PETR4.SA
2025-10-13,27.481035070053856,27.59041309038995,27.316968908802036,27.553953170776367,13890500,0.0,0.0,PETR4.SA
2025-10-14,27.29874379269972,27.76359565111668,27.23493892611822,27.362546920776367,28138200,0.0,0.0,PETR4.SA
2025-10-15,27.389889920878755,27.499267952840974,27.04352934025727,27.11644744873047,40261000,0.0,0.0,PETR4.SA
2025-10-16,27.107331710576236,27.17113483639475,26.80654430421411,26.84300422668457,28660900,0.0,0.0,PETR4.SA
2025-10-17,26.8885795622298,27.29874503061494,26.715398393522193,27.09821891784668,36238600,0.0,0.0,PETR4.SA
2025-10-20,27.070874282874033,27.253168684804614,26.870348180694105,27.11644744873047,31442800,0.0,0.0,PETR4.SA
2025-10-21,27.307855413609808,27.335200354806723,26.861231805088682,26.89769172668457,25509900,0.0,0.0,PETR4.SA
2025-10-22,27.12556463652432,27.371663924583192,26.997958370940452,27.207597732543945,27088800,0.0,0.0,PETR4.SA
2025-10-23,27.81828543223492,28.0005798348397,27.44457990761454,27.517498016357422,40060800,0.0,0.0,PETR4.SA
2025-10-24,27.617759296222093,27.75448227114292,27.17113566339397,27.1984806060791,24370300,0.0,0.0,PETR4.SA
2025-10-27,27.490152698037125,27.490152698037125,27.06175903233901,27.344316482543945,24771400,0.0,0.0,PETR4.SA
2025-10-28,27.25316817561496,27.663333614678827,27.125561922797225,27.335201263427734,25324800,0.0,0.0,PETR4.SA
2025-10-29,27.426350048853013,27.490153176929663,27.162020817101357,27.362546920776367,24854900,0.0,0.0,PETR4.SA
2025-10-30,27.27139782875966,27.490152147619455,27.125561616186463,27.24405288696289,22657200,0.0,0.0,PETR4.SA
2025-10-31,27.34431675502232,27.426349844367774,26.93415130829505,27.11644744873047,29516300,0.0,0.0,PETR4.SA
2025-11-03,27.234938756582046,27.77271045917312,27.162020648019094,27.43546485900879,54977300,0.0,0.0,PETR4.SA
2025-11-04,27.344314322983923,27.581298589070347,27.2622812409346,27.57218360900879,35035200,0.0,0.0,PETR4.SA
2025-11-05,27.572187163141987,28.21022194165798,27.535727238195975,28.11907386779785,40375900,0.0,0.0,PETR4.SA
2025-11-06,28.23756480088822,28.511009019118294,28.164646690394513,28.264909744262695,43435700,0.0,0.0,PETR4.SA
2025-11-07,28.456317947114325,29.331336975097656,28.119072352067118,29.331336975097656,97315600,0.0,0.0,PETR4.SA
2025-11-10,29.44071530887954,29.66858462779813,29.103469690442797,29.495405197143555,41064200,0.0,0.0,PETR4.SA
2025-11-11,29.659470608809688,30.479798049244714,29.57743751706521,30.261045455932617,68221300,0.0,0.0,PETR4.SA
2025-11-12,30.31573028002286,30.31573028002286,29.240190377979015,29.486286163330078,67646400,0.0,0.0,PETR4.SA
2025-11-13,29.49540430778084,30.024059303686517,29.45894438337086,29.6138973236084,38517200,0.0,0.0,PETR4.SA
2025-11-14,29.71415757521014,30.233699340320154,29.695931089600883,29.805307388305664,27371300,0.0,0.0,PETR4.SA
2025-11-17,29.8599920264333,30.151667934012988,29.83264882263287,29.969371795654297,63708200,0.0,0.0,PETR4.SA
2025-11-18,29.805306159669307,30.233698094024597,29.777959478363016,30.06963539123535,26520500,0.0,0.0,PETR4.SA
2025-11-19,29.89645242647799,30.060518605917377,29.6594698767376,29.914682388305664,48719300,0.0,0.0,PETR4.SA
2025-11-21,29.677700111999233,29.841766292950233,29.495403969052596,29.686813354492188,40869300,0.0,0.0,PETR4.SA
2025-11-24,29.67769765763156,29.850877066753448,29.495401529760947,29.659467697143555,38665600,0.0,0.0,PETR4.SA
2025-11-25,29.486286571225957,29.568319659814307,29.249304024753854,29.422483444213867,28431100,0.0,0.0,PETR4.SA
2025-11-26,29.513634140764005,29.540977345446887,29.258418148021327,29.376911163330078,25042100,0.0,0.0,PETR4.SA
2025-11-27,29.42248439327401,29.531864166259766,29.349568021626602,29.531864166259766,16087400,0.0,0.0,PETR4.SA
2025-11-28,29.413371164165834,29.449831088511115,28.520123879765045,28.975862503051758,60420500,0.0,0.0,PETR4.SA
2025-12-01,29.12169998671268,29.322222625290806,28.775337644426962,29.03055191040039,29489100,0.0,0.0,PETR4.SA
2025-12-02,29.10346902749913,29.231075286865234,28.656845381212865,29.231075286865234,25574100,0.0,0.0,PETR4.SA
2025-12-03,29.303994788933952,29.62301043356848,29.303994788933952,29.449831008911133,36630000,0.0,0.0,PETR4.SA
2025-12-04,29.613895962713706,29.850878506468618,29.577436039979226,29.641239166259766,33009700,0.0,0.0,PETR4.SA
2025-12-05,29.623008935110324,29.996714447211332,28.593040466308594,28.593040466308594,74495100,0.0,0.0,PETR4.SA
2025-12-08,28.775333478934122,29.158153953225018,28.70241537614084,28.85736656188965,30271600,0.0,0.0,PETR4.SA
2025-12-09,28.81179591374168,29.07612340749365,28.556581662442486,29.03966522216797,23863000,0.0,0.0,PETR4.SA
2025-12-10,29.057893274975676,29.15815632641614,28.747992616759856,29.11258316040039,22123700,0.0,0.0,PETR4.SA
2025-12-11,29.057895040263176,29.0761250031789,28.483665116457573,28.629501342773438,64927900,0.0,0.0,PETR4.SA
2025-12-12,28.62949957104368,28.912057024731553,28.565696443292047,28.79356575012207,39659900,0.0,0.0,PETR4.SA
2025-12-15,28.875599383572176,29.076123751498,28.793566292487775,28.893829345703125,31898900,0.0,0.0,PETR4.SA
2025-12-16,28.738876173099833,28.738876173099833,27.900317096155295,28.018808364868164,52661900,0.0,0.0,PETR4.SA
2025-12-17,28.128186203203903,28.328710556030273,28.09172628168743,28.328710556030273,39337100,0.0,0.0,PETR4.SA
2025-12-18,28.438090361652346,28.511008470743562,28.100843020539934,28.16464614868164,34311000,0.0,0.0,PETR4.SA
2025-12-19,28.319597892506753,28.474549094618997,28.228449819763394,28.264909744262695,45807700,0.0,0.0,PETR4.SA
2025-12-22,28.483662225242906,28.738876464642804,28.346940994262695,28.346940994262695,35896900,0.0,0.0,PETR4.SA
2025-12-23,28.725046933315383,28.743852632244902,28.395956169099556,28.4993839263916,35703900,0.952128,0.0,PETR4.SA
2025-12-26,28.499383791152102,28.61221619078364,28.320735032399877,28.59341049194336,20178600,0.0,0.0,PETR4.SA
2025-12-29,28.73444988412515,28.969515741342757,28.696840279543622,28.89429473876953,20588100,0.0,0.0,PETR4.SA
2025-12-30,28.960112376900064,29.110554379371482,28.819073223759375,28.978918075561523,16880600,0.0,0.0,PETR4.SA
2026-01-02,29.110554132292712,29.110554132292712,28.546397524518298,28.87548828125,21625200,0.0,0.0,PETR4.SA
2026-01-05,28.86608775005892,28.931905902601525,27.954031083653817,28.39595603942871,48211400,0.0,0.0,PETR4.SA
2026-01-06,28.555799370377933,28.612214670491035,27.850601842028965,27.86940574645996,38095000,0.0,0.0,PETR4.SA
2026-01-07,27.89761555344808,28.048057556152344,27.76597924943438,28.048057556152344,28132900,0.0,0.0,PETR4.SA
2026-01-08,28.123278786426315,28.52759234451392,28.01044818018475,28.39595603942871,34125800,0.0,0.0,PETR4.SA
2026-01-09,28.367749142202932,28.903699036568725,28.33954059229569,28.48998260498047,27982800,0.0,0.0,PETR4.SA
2026-01-12,28.48997916249564,28.743850700754383,28.40535531640939,28.546396255493164,18947400,0.0,0.0,PETR4.SA
2026-01-13,28.54639800263334,29.449050024918744,28.54639800263334,29.279802322387695,54097100,0.0,0.0,PETR4.SA
2026-01-14,29.477259149284667,30.586768500010262,29.336219992222194,30.07902717590332,82309300,0.0,0.0,PETR4.SA
2026-01-15,29.6182986906673,30.022612261326802,29.561883385792314,29.890975952148438,26456600,0.0,0.0,PETR4.SA
2026-01-16,30.041415657475426,30.276481502077235,29.97559571452246,30.126039505004883,70947300,0.0,0.0,PETR4.SA
2026-01-19,30.050815593517505,30.285881429361954,30.003803143712616,30.24827003479004,12852900,0.0,0.0,PETR4.SA
2026-01-20,30.248272678979315,30.57736703002173,30.032014314926343,30.361106872558594,26300000,0.0,0.0,PETR4.SA
2026-01-21,30.558559168430236,31.54583497804628,30.492741020243837,31.43300437927246,93270900,0.0,0.0,PETR4.SA
2026-01-22,31.385993688906705,32.09119124772779,31.27315949698474,31.574047088623047,71516300,0.0,0.0,PETR4.SA
2026-01-23,31.921947185100443,33.360549221283556,31.85612902572087,32.946834564208984,68642600,0.0,0.0,PETR4.SA
2026-01-26,33.25711605230621,33.567404701564996,32.946830989867706,33.24771499633789,39869600,0.0,0.0,PETR4.SA
2026-01-27,33.38875194073316,34.272601837193584,33.25711563789529,33.971717834472656,47268200,0.0,0.0,PETR4.SA
2026-01-28,34.366627076985964,35.20346094186275,34.31961462363271,35.10943603515625,46054700,0.0,0.0,PETR4.SA
2026-01-29,35.730007672904186,36.27536214326951,35.32569414123888,35.44792938232422,58722800,0.0,0.0,PETR4.SA
2026-01-30,35.00600647846738,35.711204039081515,34.808552022332286,35.50434494018555,45794700,0.0,0.0,PETR4.SA
2026-02-02,34.58288370972425,35.01540756225586,34.432441722223665,35.01540756225586,38505600,0.0,0.0,PETR4.SA
2026-02-03,35.26928034009426,36.030895023880106,34.92138386880362,35.33510208129883,57152800,0.0,0.0,PETR4.SA
2026-02-04,35.21286836617975,35.429128538143864,34.76154232206066,35.2786865234375,37955800,0.0,0.0,PETR4.SA
2026-02-05,35.1658521204663,35.36330657096649,34.695720426806695,34.78974533081055,35933100,0.0,0.0,PETR4.SA
2026-02-06,34.9872004233994,35.04361751892918,34.27260181412329,34.460655212402344,27681100,0.0,0.0,PETR4.SA
2026-02-09,34.47005588106064,35.212864823168125,34.36662633382793,35.09062957763672,27089800,0.0,0.0,PETR4.SA
2026-02-10,35.09062869588958,35.33509918080941,34.7051208575038,35.11883544921875,24585300,0.0,0.0,PETR4.SA
2026-02-11,35.47613487071628,36.16252666849371,35.43852347682767,35.80522918701172,55863800,0.0,0.0,PETR4.SA
2026-02-12,35.777019468562145,35.777019468562145,34.60169029031227,34.89317321777344,39856000,0.0,0.0,PETR4.SA
2026-02-13,34.9401851583712,34.9401851583712,34.34781825685597,34.68631362915039,27507000,0.0,0.0,PETR4.SA
2026-02-18,34.85556462727497,35.1564486341667,34.6487055274793,34.9683952331543,32276700,0.0,0.0,PETR4.SA
2026-02-19,35.25987435007136,35.95567078211352,35.20345725985608,35.55135726928711,48355000,0.0,0.0,PETR4.SA
2026-02-20,35.419719419645155,35.70180130004883,35.212863917321265,35.70180130004883,51949800,0.0,0.0,PETR4.SA
2026-02-23,35.70180480860683,36.90534089247704,35.58897061062866,36.284767150878906,55061500,0.0,0.0,PETR4.SA
2026-02-24,36.53863637952504,37.29084638384156,36.53863637952504,37.20622253417969,43263600,0.0,0.0,PETR4.SA
2026-02-25,37.55411898864729,37.58232932974806,36.698479436208444,37.20622253417969,26012300,0.0,0.0,PETR4.SA
2026-02-26,36.952352491430936,37.422484211644615,36.642067421236504,37.24383544921875,29919100,0.0,0.0,PETR4.SA
2026-02-27,37.53531225127176,37.86440658499037,36.980560302734375,36.980560302734375,38799000,0.0,0.0,PETR4.SA
2026-03-02,38.832877724384566,39.04913787608726,38.099473419756286,38.67303466796875,83817000,0.0,0.0,PETR4.SA
2026-03-03,39.20898167899745,39.49105996135744,38.31573079584085,38.5037841796875,93893800,0.0,0.0,PETR4.SA
2026-03-04,38.50378866936332,38.71064418757674,37.54471952805258,38.08066940307617,50915600,0.0,0.0,PETR4.SA
2026-03-05,38.10887349398616,38.33453828250097,37.59172935438071,38.259315490722656,53107600,0.0,0.0,PETR4.SA
2026-03-06,39.3970392806692,40.54415822998573,38.945709676390166,39.64150619506836,87228000,0.0,0.0,PETR4.SA
2026-03-09,40.666391885018164,41.62546097954569,40.12103739355694,40.58176803588867,107124400,0.0,0.0,PETR4.SA
2026-03-10,39.78254671529805,40.525352093426974,39.519270517840674,40.365509033203125,56706200,0.0,0.0,PETR4.SA
2026-03-11,40.66639454307547,42.199024983343875,40.647588843504145,42.123802185058594,73234300,0.0,0.0,PETR4.SA
2026-03-12,42.67855364058632,43.33673871463979,41.55964152546949,42.311851501464844,86124400,0.0,0.0,PETR4.SA
2026-03-13,41.94515432746132,42.63154623598269,41.64427030144703,42.00156784057617,42520400,0.0,0.0,PETR4.SA
2026-03-16,42.19902189314575,43.24271482859241,42.12379910036897,43.120479583740234,40474100,0.0,0.0,PETR4.SA
2026-03-17,43.11107869784693,44.43685004809125,43.06406624167496,43.60942077636719,51025600,0.0,0.0,PETR4.SA
2026-03-18,43.91030070028717,44.3334199399706,43.76925975811932,44.192378997802734,55074700,0.0,0.0,PETR4.SA
2026-03-19,44.38043189069904,45.25487711389892,43.9008955621984,43.98551940917969,84865000,0.0,0.0,PETR4.SA
2026-03-20,43.99492731911712,44.42744764167003,42.236632099782675,42.941829681396484,78125700,0.0,0.0,PETR4.SA
2026-03-23,41.766502066338035,43.42136780001158,41.672477153051815,43.28032684326172,65252400,0.0,0.0,PETR4.SA
2026-03-24,43.62822276980432,45.08563030824563,43.60001242904132,44.446250915527344,57455300,0.0,0.0,PETR4.SA
2026-03-25,43.72224655151367,44.70952236918383,43.53419316080981,44.66250991821289,40532900,0.0,0.0,PETR4.SA
2026-03-26,44.75653859834261,45.574570378936734,44.681319387803384,45.151451110839844,59986800,0.0,0.0,PETR4.SA
2026-03-27,45.602776406317375,46.48662274025666,45.25487994113558,46.45841598510742,54170900,0.0,0.0,PETR4.SA
2026-03-30,46.778103652248284,47.66194994758826,46.53363674905048,46.702880859375,51454300,0.0,0.0,PETR4.SA
2026-03-31,47.078989243837974,47.530315255895594,44.80355348469494,45.76261901855469,78931700,0.0,0.0,PETR4.SA
2026-04-01,44.85056421266725,45.19846066104654,43.976118977071074,44.54027557373047,66488400,0.0,0.0,PETR4.SA
2026-04-02,46.3549862445319,46.50542824941413,45.085632052514406,45.273685455322266,38536900,0.0,0.0,PETR4.SA
2026-04-06,45.1232435479473,46.072908033289664,45.01981399683845,46.0164909362793,27848100,0.0,0.0,PETR4.SA
2026-04-07,46.15752946989287,46.59945440629657,45.50874902891692,45.61217498779297,33362800,0.0,0.0,PETR4.SA
2026-04-08,42.02977308281675,43.853882717489455,41.86992644581065,43.82567596435547,87580500,0.0,0.0,PETR4.SA
2026-04-09,44.70012458444639,45.64978907609915,44.220588223722636,45.03861999511719,58206500,0.0,0.0,PETR4.SA
2026-04-10,44.69072099395646,46.10111618041992,44.69072099395646,46.10111618041992,42860900,0.0,0.0,PETR4.SA
2026-04-13,46.778101993420755,47.2388326163809,46.30797031509492,46.80630874633789,60941100,0.0,0.0,PETR4.SA
2026-04-14,46.64646487065998,46.68407626509627,44.82235169551987,45.01980972290039,58646800,0.0,0.0,PETR4.SA
2026-04-15,45.08563162550771,45.22666898616259,43.93850910738246,44.088951110839844,61852100,0.0,0.0,PETR4.SA
2026-04-16,44.465060658452245,45.77202631671756,43.966718576937325,45.678001403808594,54484300,0.0,0.0,PETR4.SA
2026-04-17,43.722249357394375,43.76926181138234,42.18961896700828,43.45897674560547,105186900,0.0,0.0,PETR4.SA
2026-04-20,44.4180445509031,44.6437057580638,43.731649113170384,44.211185455322266,41904500,0.0,0.0,PETR4.SA
2026-04-22,44.79415042186719,45.11384014003686,44.427448248312075,44.822357177734375,51063000,0.0,0.0,PETR4.SA
2026-04-23,45.159049410350924,45.84559016799903,44.72042776515026,45.54999542236328,38666800,0.663103,0.0,PETR4.SA
2026-04-24,45.29254505747162,45.31161603924912,44.29134215736897,44.968345642089844,34880200,0.0,0.0,PETR4.SA
2026-04-27,45.025556017219735,45.93140395672619,44.97787674678875,45.168582916259766,31543600,0.0,0.0,PETR4.SA
2026-04-28,45.435578375342565,45.80745344915728,45.25440585610704,45.31161880493164,29389700,0.0,0.0,PETR4.SA
2026-04-29,45.86466212939908,47.00889562821822,45.76931085342166,46.684696197509766,47685000,0.0,0.0,PETR4.SA
2026-04-30,46.54166525424027,47.0851754825773,46.04583065976448,46.79911804199219,36666100,0.0,0.0,PETR4.SA
2026-05-04,46.98982608219594,47.53333637420405,46.64655565831332,47.04703903198242,41319600,0.0,0.0,PETR4.SA
2026-05-05,46.60841685528767,46.751443772172365,46.083977551874284,46.39863967895508,28066500,0.0,0.0,PETR4.SA
2026-05-06,44.53925797662097,45.283011721799,44.42483572252354,45.07323455810547,62009100,0.0,0.0,PETR4.SA
2026-05-07,44.24366813329859,44.48204995807408,43.09943464689263,44.0720329284668,71214500,0.0,0.0,PETR4.SA
2026-05-08,44.23412914161422,44.386693358173474,43.54758834838867,43.54758834838867,32914200,0.0,0.0,PETR4.SA
2026-05-11,44.06249304511228,44.34855049065248,43.52852011674864,44.27227020263672,50622200,0.0,0.0,PETR4.SA
2026-05-12,44.10063533331585,44.10063533331585,43.29013862540041,43.557125091552734,81072700,0.0,0.0,PETR4.SA
2026-05-13,43.64294409725409,43.70015704359685,42.29847077625141,42.49871063232422,57251900,0.0,0.0,PETR4.SA
2026-05-14,42.39382015668283,43.26152979834296,42.31753986904934,42.90872573852539,47760000,0.0,0.0,PETR4.SA
2026-05-15,43.28060007886939,43.42363061731584,42.88965406285583,43.35688400268555,59380500,0.0,0.0,PETR4.SA
2026-05-18,43.004080205513716,44.300877928481846,42.40336061944132,44.28180694580078,57388200,0.0,0.0,PETR4.SA
2026-05-19,43.85272306375169,44.14831420511526,43.47131068064106,43.94807434082031,40943000,0.0,0.0,PETR4.SA
2026-05-20,43.6429459037658,44.25320280701064,42.470107735826225,42.52731704711914,52780200,0.0,0.0,PETR4.SA
2026-05-21,43.00408038136268,43.528523313691366,42.43196544826341,42.861053466796875,57725900,0.0,0.0,PETR4.SA
2026-05-22,42.660810508399514,42.67034418037824,41.83123918695751,42.41289138793945,39634300,0.0,0.0,PETR4.SA
2026-05-25,41.4689009399235,41.78356303517637,40.97306634255687,41.38308334350586,26720900,0.0,0.0,PETR4.SA
2026-05-26,41.344942397752945,41.76449308087795,41.154236219089654,41.42122268676758,36040500,0.0,0.0,PETR4.SA
2026-05-27,40.286525927024,41.182840223977344,40.191174657903474,40.83003616333008,53745400,0.0,0.0,PETR4.SA
2026-05-28,41.09702413993854,41.17330806797784,40.28652741031939,40.53444290161133,37534800,0.0,0.0,PETR4.SA
2026-05-29,40.23885147545488,40.38187838334055,39.87651009479235,40.04814529418945,73281800,0.0,0.0,PETR4.SA
2026-06-01,40.42955586104157,41.0207417230308,40.010001553408564,40.40094757080078,73925300,0.0,0.0,PETR4.SA
2026-06-02,40.624894622953754,40.702458128113975,40.17889059850309,40.304935455322266,27318300,0.700973,0.0,PETR4.SA
2026-06-03,40.382503310497846,40.5958057270851,39.99467468261719,39.99467468261719,42895100,0.0,0.0,PETR4.SA
2026-06-05,39.781368793760656,40.16919742384789,39.4129356636465,39.6456298828125,34730900,0.0,0.0,PETR4.SA
2026-06-08,39.94619962814738,40.06254674463931,39.58746052810918,39.96559143066406,34043600,0.0,0.0,PETR4.SA
2026-06-09,39.63593476272432,40.11102093823305,39.46141225375153,39.91710662841797,56680400,0.0,0.0,PETR4.SA
2026-06-10,39.955891277028634,40.760634389334385,39.7619769621326,40.382503509521484,44953200,0.0,0.0,PETR4.SA
2026-06-11,40.38250545103105,40.8672894122746,39.90741554162481,40.48915481567383,52321500,0.0,0.0,PETR4.SA
2026-06-12,39.81046028830243,40.266154697498735,39.57776235917027,39.92680740356445,34082200,0.0,0.0,PETR4.SA
2026-06-15,38.62758439283498,38.705147899769486,37.87132263183594,37.87132263183594,54174000,0.0,0.0,PETR4.SA
2026-06-16,37.27988809034813,37.599843587766465,37.03749610497344,37.367149353027344,36250100,0.0,0.0,PETR4.SA
2026-06-17,37.5319715155657,37.67740817611155,37.10536298249669,37.39623260498047,66882000,0.0,0.0,PETR4.SA
2026-06-18,37.13444777482446,37.90040726109324,36.271532983365525,37.66770935058594,53332600,0.0,0.0,PETR4.SA
2026-06-19,37.677407580755045,37.91979954542937,37.44470966728023,37.619232177734375,44775800,0.0,0.0,PETR4.SA
2026-06-22,37.57075718384368,38.01675754274723,37.308973399632954,37.97797393798828,35488200,0.0,0.0,PETR4.SA
2026-06-23,37.77436345557575,38.365800450057776,37.65801634639159,38.13310623168945,27398600,0.0,0.0,PETR4.SA
2026-06-24,37.71619287143806,37.793756380330514,36.96962514298207,37.124755859375,59191400,0.0,0.0,PETR4.SA
2026-06-25,36.95992895651129,37.49319058551124,36.766014628163624,37.27988815307617,25152300,0.0,0.0,PETR4.SA
2026-06-26,36.9114503384125,37.08597285952243,36.77571142168435,36.901756286621094,23383000,0.0,0.0,PETR4.SA
2026-06-29,37.03749593384312,37.20232070780441,36.76601439642428,36.97932052612305,14924800,0.0,0.0,PETR4.SA
2026-06-30,37.00840491944181,37.01810266964966,36.591494125704465,36.64966583251953,31974300,0.0,0.0,PETR4.SA
2026-07-01,36.35879752035614,36.68845076581837,36.261842206411785,36.67875671386719,21094300,0.0,0.0,PETR4.SA
2026-07-02,36.73692866628818,37.289582096372,36.504234431836124,36.8047981262207,21888800,0.0,0.0,PETR4.SA
2026-07-03,36.911449315999576,37.08597183227539,36.707840946547115,37.08597183227539,10369500,0.0,0.0,PETR4.SA
2026-07-06,36.795101277748415,36.86297073252281,36.46544805515511,36.62057876586914,20811400,0.0,0.0,PETR4.SA
2026-07-07,36.843578849070866,37.59014654852972,36.766011644583145,37.27018737792969,39823600,0.0,0.0,PETR4.SA
2026-07-08,38.44336700439453,38.54032231063853,37.813146417984974,38.44336700439453,40215300,0.0,0.0,PETR4.SA
2026-07-09,38.53063148733245,38.76332572125498,37.70649652078574,38.01675796508789,33386500,0.0,0.0,PETR4.SA
2026-07-10,38.43366925460542,38.75362842270475,38.14279963726557,38.44336700439453,27316800,0.0,0.0,PETR4.SA
2026-07-13,39.277193646928716,39.67471633439466,39.01541357106772,39.422630310058594,43045700,0.0,0.0,PETR4.SA
2026-07-14,39.946197858996555,40.052850918810734,38.88936870959569,39.422630310058594,32649500,0.0,0.0,PETR4.SA
2026-07-15,39.18023670725649,39.558367577333435,39.00571419820438,39.354759216308594,25608800,0.0,0.0,PETR4.SA
2026-07-16,39.15115344333552,39.61654559870285,38.676063537597656,38.676063537597656,20551700,0.0,0.0,PETR4.SA
2026-07-17,39.180236965794286,39.85893520563011,39.180236965794286,39.65532684326172,32168300,0.0,0.0,PETR4.SA
2026-07-20,39.946197991916,40.1788922153685,39.23841387278532,39.89772033691406,26987600,0.0,0.0,PETR4.SA
2026-07-21,39.95589038119162,40.43098025710468,39.87832687613699,40.39219665527344,38631400,0.0,0.0,PETR4.SA
2026-07-22,40.81880673321085,41.43933329030518,40.692765570373794,41.284202575683594,38292200,0.0,0.0,PETR4.SA
2026-07-23,42.079246799999844,42.16650805575176,41.555679265488315,41.642940521240234,25257900,0.0,0.0,PETR4.SA
2026-07-24,41.08059153392685,41.60415909583282,40.86728910762329,40.92546081542969,29151600,0.0,0.0,PETR4.SA
2026-07-27,39.94619841843962,40.21767624823556,39.57776157899654,39.76197814941406,32902600,0.0,0.0,PETR4.SA
2026-07-28,39.77167409346618,40.49884998905919,39.645629235953194,39.95589065551758,29946800,0.0,0.0,PETR4.SA
2026-07-29,40.87698206321407,41.109679984023735,40.47945937656221,40.72185134887695,31465400,0.0,0.0,PETR4.SA
2026-07-30,40.721852026611344,41.53628921508789,40.547329507751506,41.53628921508789,25268900,0.0,0.0,PETR4.SA
2026-07-31,41.69141988274418,42.22468149036,41.555680967926484,42.098636627197266,24997300,0.0,0.0,PETR4.SA
2026-08-03,41.10968174577913,41.77868228653897,41.061200390352134,41.739898681640625,24400900,0.0,0.0,PETR4.SA
2026-08-04,41.778679713374004,41.778679713374004,40.498850419418886,41.206634521484375,27216700,0.0,0.0,PETR4.SA
2026-08-05,41.235719485808865,41.68172350784668,40.479457746200815,40.65398025512695,32365700,0.0,0.0,PETR4.SA
2026-08-06,40.74124351537678,41.177549809172504,40.64428450641772,40.847896575927734,46662600,0.0,0.0,PETR4.SA
2026-08-07,41.59446516538173,41.65263687335778,39.58745987082999,39.62623977661133,97926700,0.0,0.0,PETR4.SA
2026-08-10,40.062544303234375,41.177548839042295,39.81045828309592,40.94485092163086,74915200,0.0,0.0,PETR4.SA
2026-08-11,41.109678494719965,41.20663380069022,39.76197607064327,40.39219665527344,53988900,0.0,0.0,PETR4.SA
2026-08-12,40.23706865967186,40.69276676539623,39.897721367286536,40.18859100341797,63890300,0.0,0.0,PETR4.SA
2026-08-13,39.89772106897817,40.68306871080032,39.820153860665435,40.62489700317383,37063800,0.0,0.0,PETR4.SA
2026-08-14,40.363112208069076,41.16785163173362,40.363112208069076,40.809112548828125,34127900,0.0,0.0,PETR4.SA
2026-08-17,41.06120045465401,41.45872315896423,40.45037532028514,41.17755126953125,47636500,0.0,0.0,PETR4.SA
2026-08-18,41.49750700921827,41.88533566388527,41.129070157145435,41.303592681884766,36838100,0.0,0.0,PETR4.SA
2026-08-19,41.53628903776921,42.63190180179921,41.53628903776921,41.798072814941406,49580800,0.0,0.0,PETR4.SA
2026-08-20,42.418595224811504,43.27181600437223,42.14711739892727,42.971248626708984,44893400,0.0,0.0,PETR4.SA
2026-08-21,42.99064212533876,43.262119961939106,42.81611960220764,42.95185852050781,52792400,0.0,0.0,PETR4.SA
2026-08-24,42.599998474121094,42.63999938964844,41.619998931884766,42.11000061035156,49502500,1.348143,0.0,PETR4.SA
2026-08-25,41.18000030517578,41.90999984741211,41.0099983215332,41.349998474121094,85920800,0.0,0.0,PETR4.SA
2026-08-26,41.13999938964844,42.27000045776367,40.970001220703125,41.45000076293945,74631000,0.0,0.0,PETR4.SA
2026-08-27,41.45000076293945,42.88999938964844,41.0,42.70000076293945,43197800,0.0,0.0,PETR4.SA
2026-08-28,42.720001220703125,43.599998474121094,42.619998931884766,43.54999923706055,46135600,0.0,0.0,PETR4.SA
2026-08-31,44.619998931884766,45.34000015258789,44.33000183105469,45.02000045776367,68431400,0.0,0.0,PETR4.SA
2026-09-01,45.5,46.939998626708984,45.5,46.869998931884766,49726600,0.0,0.0,PETR4.SA
2026-09-02,46.81999969482422,48.25,46.560001373291016,48.20000076293945,54091600,0.0,0.0,PETR4.SA
2026-09-03,48.459999084472656,49.189998626708984,47.45000076293945,47.560001373291016,51488400,0.0,0.0,PETR4.SA
2026-09-04,47.31999969482422,47.45000076293945,46.720001220703125,47.11000061035156,28838000,0.0,0.0,PETR4.SA
2026-09-08,48.099998474121094,48.5,47.529998779296875,48.09000015258789,34388500,0.0,0.0,PETR4.SA
2026-09-09,48.7400016784668,48.95000076293945,48.189998626708984,48.41999816894531,40391600,0.0,0.0,PETR4.SA
2026-09-10,48.90999984741211,49.599998474121094,48.540000915527344,49.119998931884766,43955800,0.0,0.0,PETR4.SA
2026-09-11,48.5,49.119998931884766,48.09000015258789,49.0,27610000,0.0,0.0,PETR4.SA
2024-09-11,48.33313131170697,49.108301223894244,48.307574045716244,49.05718994140625,25592400,0.0,0.0,VALE3.SA
2024-09-12,49.491624786613414,49.86643436160801,49.37236837620367,49.500144958496094,17929800,0.0,0.0,VALE3.SA
2024-09-13,49.491627722002,50.25828076224042,49.43199951326053,49.83236312866211,15045100,0.0,0.0,VALE3.SA
2024-09-16,49.772734919920644,49.874954242121206,49.47459387621329,49.83236312866211,10548000,0.0,0.0,VALE3.SA
2024-09-17,49.72161869511693,49.87494928793395,49.321258368977674,49.59384536743164,12056600,0.0,0.0,VALE3.SA
2024-09-18,49.057193775121156,49.55125654647458,48.93793735615632,49.01460266113281,14429800,0.0,0.0,VALE3.SA
2024-09-19,49.89198768604254,50.13050050355279,49.551252304319256,49.60236358642578,19328400,0.0,0.0,VALE3.SA
2024-09-20,49.15941007187463,49.54273657315592,48.51201673042786,48.85274887084961,30842600,0.0,0.0,VALE3.SA
2024-09-23,48.63127428928755,49.28718781817699,48.21387358926934,49.006080627441406,18164700,0.0,0.0,VALE3.SA
2024-09-24,51.28899882113987,51.74047370624042,50.80345299618688,51.39973831176758,44910100,0.0,0.0,VALE3.SA
2024-09-25,51.7234402565619,52.174911923984496,51.467887067951445,51.629737854003906,21557700,0.0,0.0,VALE3.SA
2024-09-26,53.32488586828529,54.84115158817876,53.19711252924006,54.73041534423828,61449300,0.0,0.0,VALE3.SA
2024-09-27,55.113739459828686,55.403366831577294,53.810432534428365,54.48338317871094,37237900,0.0,0.0,VALE3.SA
2024-09-30,55.641874754793875,55.641874754793875,54.10005187988281,54.10005187988281,28980300,0.0,0.0,VALE3.SA
2024-10-01,54.09153728355538,54.730413708164306,53.79339625186863,54.3641242980957,18091500,0.0,0.0,VALE3.SA
2024-10-02,54.87522458753547,55.667431620499954,54.491901329224675,54.66226577758789,20310600,0.0,0.0,VALE3.SA
2024-10-03,54.20227412946453,54.3470845522212,53.180071250058894,53.614505767822266,26675400,0.0,0.0,VALE3.SA
2024-10-04,53.59747404599259,53.67413935086931,53.06933708433835,53.2226676940918,16268300,0.0,0.0,VALE3.SA
2024-10-07,53.58043731310642,54.295979036904605,53.18859063735268,53.6911735534668,22467400,0.0,0.0,VALE3.SA
2024-10-08,51.80010398315076,52.064170837402344,51.66381046981308,52.064170837402344,38028100,0.0,0.0,VALE3.SA
2024-10-09,51.680838722445706,52.01305717165186,51.32306950721445,51.92787170410156,22758400,0.0,0.0,VALE3.SA
2024-10-10,52.34527537972472,52.34527537972472,51.74899007057657,52.17490768432617,17192100,0.0,0.0,VALE3.SA
2024-10-11,51.95343827179501,53.04378645572778,51.94491809876771,52.924530029296875,20939400,0.0,0.0,VALE3.SA
2024-10-14,53.086373252182305,53.256740954430654,52.24305816276812,52.75415802001953,44954000,0.0,0.0,VALE3.SA
2024-10-15,52.047133723402524,52.13231920014161,51.59566206991323,52.10676193237305,25559300,0.0,0.0,VALE3.SA
2024-10-16,52.754156496227665,53.13748300284074,52.45601546302502,53.10340881347656,29731800,0.0,0.0,VALE3.SA
2024-10-17,51.97899013552293,52.234540074343855,51.655291813286404,51.757511138916016,20345200,0.0,0.0,VALE3.SA
2024-10-18,52.12379492084528,52.362310987428174,51.501955612366714,51.57862091064453,21823500,0.0,0.0,VALE3.SA
2024-10-21,52.2600891527232,52.28564641883475,51.34010881004379,51.39122009277344,19044900,0.0,0.0,VALE3.SA
2024-10-22,51.23789391414322,51.67232848159484,51.02493509197221,51.45936965942383,14814000,0.0,0.0,VALE3.SA
2024-10-23,51.016411174561256,51.02493134653918,50.38605492692221,50.556419372558594,18289900,0.0,0.0,VALE3.SA
2024-10-24,50.54790345929028,50.85456466674805,50.43716396782086,50.85456466674805,11331700,0.0,0.0,VALE3.SA
2024-10-25,51.59566106104305,53.21414934300832,51.55306994825315,52.58378982543945,38466000,0.0,0.0,VALE3.SA
2024-10-28,53.239701970714556,53.56340026855469,52.97563187912214,53.56340026855469,16572400,0.0,0.0,VALE3.SA
2024-10-29,53.87857855405927,54.04042607871229,53.36747871342292,53.37599563598633,14941700,0.0,0.0,VALE3.SA
2024-10-30,53.23970349293631,53.401551021737134,52.916005185841044,53.214149475097656,12263300,0.0,0.0,VALE3.SA
2024-10-31,53.10340768845245,53.31636649322657,52.643415890261934,52.86489486694336,16553300,0.0,0.0,VALE3.SA
2024-11-01,52.93304260860759,53.18859253705708,52.634901566998806,52.83934020996094,15236400,0.0,0.0,VALE3.SA
2024-11-04,53.15451739749159,53.55487772895654,52.91600133355156,53.3845100402832,12360000,0.0,0.0,VALE3.SA
2024-11-05,53.62303285529061,53.75932637348978,52.77971447740631,52.91600799560547,16368800,0.0,0.0,VALE3.SA
2024-11-06,52.21749809116422,52.4986052722025,51.740472449877636,52.31971740722656,19726800,0.0,0.0,VALE3.SA
2024-11-07,52.83081979421627,54.50893618759215,52.81378270018023,54.14264678955078,38173300,0.0,0.0,VALE3.SA
2024-11-08,52.8052708006907,52.85637883816675,50.8545672161761,51.64677429199219,48764700,0.0,0.0,VALE3.SA
2024-11-11,50.897157731906596,50.9993770551501,49.960140228271484,49.960140228271484,24483700,0.0,0.0,VALE3.SA
2024-11-12,49.90050840338502,49.90902532574918,48.72497489802998,48.82719421386719,26967600,0.0,0.0,VALE3.SA
2024-11-13,48.82719239446587,49.16792776721802,48.648307786042984,48.69089889526367,20354900,0.0,0.0,VALE3.SA
2024-11-14,48.690902908321924,48.84423351374843,48.41831588745117,48.41831588745117,17967600,0.0,0.0,VALE3.SA
2024-11-18,48.631273637679094,49.21903877930498,48.529054319460144,49.02311706542969,14300000,0.0,0.0,VALE3.SA
2024-11-19,49.23607322507317,49.38940381889933,48.94644913112301,49.133853912353516,12902100,0.0,0.0,VALE3.SA
2024-11-21,48.98052528157226,49.23607519836003,48.73349228723024,49.08274459838867,15428500,0.0,0.0,VALE3.SA
2024-11-22,48.92941300991952,49.63643778989193,48.76756549077215,49.55977249145508,12590500,0.0,0.0,VALE3.SA
2024-11-25,49.55977444456382,49.883472745108676,49.5086631604272,49.55125427246094,17444500,0.0,0.0,VALE3.SA
2024-11-26,49.65347726897539,49.82384496807327,48.682385608459114,48.9208984375,21406600,0.0,0.0,VALE3.SA
2024-11-27,49.2957062210137,49.76421497014693,49.06571030791332,49.51718521118164,22121200,0.0,0.0,VALE3.SA
2024-11-28,49.32126200787104,50.087911779025774,48.78460489341722,49.006080627441406,20467000,0.0,0.0,VALE3.SA
2024-11-29,49.61940541341766,50.437166508163735,49.53422318460843,50.07087707519531,31023600,0.0,0.0,VALE3.SA
2024-12-02,50.130503932656936,50.58197883174679,49.99421042054335,50.19013214111328,18972100,0.0,0.0,VALE3.SA
2024-12-03,50.51383004461495,50.56494132980653,49.80680847167969,49.80680847167969,15957500,0.0,0.0,VALE3.SA
2024-12-04,49.747179701465285,49.815324831456934,48.52053486667977,48.835716247558594,25109200,0.0,0.0,VALE3.SA
2024-12-05,48.946448450361224,49.2360725402832,48.44386556636407,49.2360725402832,14160000,0.0,0.0,VALE3.SA
2024-12-06,48.954972359774864,49.1168198858122,48.341649946170534,48.39276123046875,17897900,0.0,0.0,VALE3.SA
2024-12-09,49.832359139295164,51.271959455723845,49.72161965357191,50.965301513671875,40440600,0.0,0.0,VALE3.SA
2024-12-10,50.88863818258841,51.059002629370596,50.50531167834144,50.91419219970703,13089300,0.0,0.0,VALE3.SA
2024-12-11,50.68419366836757,50.76085896524063,49.789767371177405,50.12198257446289,30138500,0.0,0.0,VALE3.SA
2024-12-12,49.33175732467609,49.57239898781701,48.704364511207075,48.73874282836914,28841800,0.520531,0.0,VALE3.SA
2024-12-13,48.541075321149776,48.73874573889075,47.87071448894154,48.00822448730469,18532800,0.0,0.0,VALE3.SA
2024-12-16,47.99962682908159,48.592641343021135,47.56131474697124,47.98244094848633,18958500,0.0,0.0,VALE3.SA
2024-12-17,48.02541308068336,48.4723213897187,47.82774266527296,48.22308349609375,22987600,0.0,0.0,VALE3.SA
2024-12-18,47.93087589460759,48.01681841591666,47.0628413482996,47.10581588745117,34658200,0.0,0.0,VALE3.SA
2024-12-19,47.28629586552229,47.41520964398602,46.06589176938461,46.211997985839844,29529900,0.0,0.0,VALE3.SA
2024-12-20,45.91118977054841,46.9425163269043,45.83384347535604,46.9425163269043,64919500,0.0,0.0,VALE3.SA
2024-12-23,46.985487163818796,47.4667737600827,46.75344172332202,47.14018630981445,18587900,0.0,0.0,VALE3.SA
2024-12-26,47.14018852267197,47.61288220123499,46.75344391802495,47.2776985168457,13155800,0.0,0.0,VALE3.SA
2024-12-27,47.03705807785965,47.33786345195485,46.80500934189944,47.045654296875,16635300,0.0,0.0,VALE3.SA
2024-12-30,47.18316392274965,47.43239853778218,46.88235855102539,46.88235855102539,11250900,0.0,0.0,VALE3.SA
2025-01-02,47.01986395489491,47.35504433417892,46.60733400512254,46.6245231628418,17623900,0.0,0.0,VALE3.SA
2025-01-03,46.32372171301376,46.4096642242526,45.44709432869161,45.756492614746094,23608700,0.0,0.0,VALE3.SA
2025-01-06,45.96275882290978,46.22918586997983,45.103320542873696,45.17207717895508,21689500,0.0,0.0,VALE3.SA
2025-01-07,45.2322365988476,45.455689104190945,44.63922210046147,44.733760833740234,22070200,0.0,0.0,VALE3.SA
2025-01-08,44.71656894820895,44.94002471842238,44.20090733440296,44.304039001464844,24423800,0.0,0.0,VALE3.SA
2025-01-09,44.733757460771,44.90564575572668,43.951668833294384,44.02901840209961,15865200,0.0,0.0,VALE3.SA
2025-01-10,44.29545225203621,44.957220158614604,44.02902518985623,44.278263092041016,25833900,0.0,0.0,VALE3.SA
2025-01-13,44.69079481897295,44.95722189142196,43.719628552042984,44.26966857910156,30845300,0.0,0.0,VALE3.SA
2025-01-14,44.64782018644967,45.060350175604825,44.372800193679566,44.56187438964844,21379000,0.0,0.0,VALE3.SA
2025-01-15,44.81111060105618,45.275208050876465,44.3727985285571,45.206451416015625,35137700,0.0,0.0,VALE3.SA
2025-01-16,44.940028818020835,45.78227794593527,44.69079092792967,45.2666130065918,220262800,0.0,0.0,VALE3.SA
2025-01-17,45.67914781334112,46.83079528808594,45.53304159478176,46.83079528808594,54658700,0.0,0.0,VALE3.SA
2025-01-20,46.598744611949215,46.83079334107456,46.203400511311486,46.658905029296875,12317600,0.0,0.0,VALE3.SA
2025-01-21,46.65890572722525,46.684687826903655,45.765089115409,46.426856994628906,28798700,0.0,0.0,VALE3.SA
2025-01-22,46.65030755235694,46.65890377088726,45.05175186938285,45.258018493652344,34645400,0.0,0.0,VALE3.SA
2025-01-23,45.50725588257103,45.54163419932667,44.55327890283067,44.9658088684082,25097300,0.0,0.0,VALE3.SA
2025-01-24,45.20645292920958,45.71352165354259,45.20645292920958,45.576011657714844,20520600,0.0,0.0,VALE3.SA
2025-01-27,45.45568745850769,46.39247526031391,45.180667487197304,46.37528610229492,24531300,0.0,0.0,VALE3.SA
2025-01-28,46.05729861695507,46.22059071365653,45.15488905787361,45.249427795410156,22932900,0.0,0.0,VALE3.SA
2025-01-29,45.37834167480469,45.98854208218243,45.23223873719182,45.37834167480469,19220300,0.0,0.0,VALE3.SA
2025-01-30,45.80805601560534,47.784763246285024,45.79086685795637,47.294883728027344,40562400,0.0,0.0,VALE3.SA
2025-01-31,47.26051329225492,47.44958748780768,46.409667937528255,46.55577087402344,25477600,0.0,0.0,VALE3.SA
2025-02-03,46.177618939897094,46.65030934381663,45.83384559090875,46.59014892578125,27216400,0.0,0.0,VALE3.SA
2025-02-04,46.521395731445594,47.01986823671053,46.24637573988627,46.426856994628906,32648700,0.0,0.0,VALE3.SA
2025-02-05,46.33231743260107,46.80500782976866,46.28934617440345,46.67609405517578,21674800,0.0,0.0,VALE3.SA
2025-02-06,47.61288523147107,47.81914859661049,47.2433264838911,47.380836486816406,32789000,0.0,0.0,VALE3.SA
2025-02-07,47.52693484913334,47.93946481814266,46.89095237634693,47.12300109863281,24395500,0.0,0.0,VALE3.SA
2025-02-10,47.157376201605054,47.61288070678711,47.13159410303698,47.61288070678711,15566300,0.0,0.0,VALE3.SA
2025-02-11,47.191752839825355,47.432394493891096,46.74484456906279,47.406612396240234,18198300,0.0,0.0,VALE3.SA
2025-02-12,47.27770106469001,47.518346026335294,47.01127728077504,47.088626861572266,35432600,0.0,0.0,VALE3.SA
2025-02-13,47.14018841867979,47.26910547227565,46.5213950855115,47.14878463745117,21749900,0.0,0.0,VALE3.SA
2025-02-14,47.45818034414477,47.96524903348937,47.26910288349187,47.84492492675781,49803200,0.0,0.0,VALE3.SA
2025-02-17,47.8191458995355,48.059787571457946,47.50974759077984,47.58709716796875,12391400,0.0,0.0,VALE3.SA
2025-02-18,47.78476622099797,48.102760739555,47.7074166460107,47.90509033203125,27608200,0.0,0.0,VALE3.SA
2025-02-19,47.52693735474928,47.89649608618804,47.02846484535321,47.862117767333984,26472500,0.0,0.0,VALE3.SA
2025-02-20,48.816095912823926,49.98493255240443,48.54107591274581,49.62397003173828,76934000,0.0,0.0,VALE3.SA
2025-02-21,49.76147942788545,49.98493194580078,49.469270271536494,49.98493194580078,37134700,0.0,0.0,VALE3.SA
2025-02-24,49.93336031719571,50.337297338181074,49.4005095276063,49.52942657470703,19081700,0.0,0.0,VALE3.SA
2025-02-25,49.2458118868542,49.366132719292224,48.893442329644216,49.04814147949219,19554800,0.0,0.0,VALE3.SA
2025-02-26,49.305970222410934,49.580990193091374,48.747337341308594,48.747337341308594,25399100,0.0,0.0,VALE3.SA
2025-02-27,48.51528865823234,48.97938608849701,48.13713373942558,48.38637161254883,18658000,0.0,0.0,VALE3.SA
2025-02-28,48.07697930606064,48.24886762885452,47.39802551269531,47.39802551269531,46789400,0.0,0.0,VALE3.SA
2025-03-05,48.257463093230925,48.317623513493075,47.60428813253186,47.77617645263672,13843400,0.0,0.0,VALE3.SA
2025-03-06,47.81914747435689,48.57545411194508,47.74179789462063,48.30043411254883,17678400,0.0,0.0,VALE3.SA
2025-03-07,48.111356102079164,49.28878566639428,47.741797367254485,49.00517272949219,25480600,0.0,0.0,VALE3.SA
2025-03-10,48.426380275956284,48.7121340476796,47.55125892424693,48.212066650390625,23626600,2.141847,0.0,VALE3.SA
2025-03-11,48.2924402028094,48.86394780650707,47.694140838251265,48.61391067504883,23060100,0.0,0.0,VALE3.SA
2025-03-12,48.667487283100286,48.667487283100286,47.46196373132977,48.00667953491211,18825700,0.0,0.0,VALE3.SA
2025-03-13,48.11384056349565,49.256855707662076,47.95310363304051,48.66748809814453,20584600,0.0,0.0,VALE3.SA
2025-03-14,49.29257644968898,50.37308318068646,49.25685637433686,50.265926361083984,31789300,0.0,0.0,VALE3.SA
2025-03-17,50.26592595448053,51.11425900173479,50.13197737622054,50.98923873901367,23191800,0.0,0.0,VALE3.SA
2025-03-18,51.07853836034593,51.40001221944252,50.56060749703391,51.36429214477539,18165300,0.0,0.0,VALE3.SA
2025-03-19,51.212485466680754,51.39108244031422,50.765994735824066,51.274993896484375,23211900,0.0,0.0,VALE3.SA
2025-03-20,50.935660847793244,51.337503166770006,50.70348377173833,51.1142578125,17283200,0.0,0.0,VALE3.SA
2025-03-21,50.85529001296042,51.301780700683594,50.74813320171387,51.301780700683594,30524100,0.0,0.0,VALE3.SA
2025-03-24,51.748274228785576,52.00723965942807,50.864221119729855,51.03388977050781,18646500,0.0,0.0,VALE3.SA
2025-03-25,51.18569220979583,51.56967447406708,50.99816693834809,51.20355224609375,15615800,0.0,0.0,VALE3.SA
2025-03-26,51.257135993890614,51.8286435701827,51.24820427188075,51.51609802246094,29401600,0.0,0.0,VALE3.SA
2025-03-27,51.79291986958,52.19476217054849,51.4446576775585,51.9268684387207,15345300,0.0,0.0,VALE3.SA
2025-03-28,51.88221650871812,52.1322536100285,51.40000915527344,51.40000915527344,31146000,0.0,0.0,VALE3.SA
2025-03-31,50.64990578251279,50.91779951955305,50.03374644022113,50.63204574584961,20469300,0.0,0.0,VALE3.SA
2025-04-01,50.98923831600737,51.73041453837717,50.855293145312444,51.06960678100586,12354800,0.0,0.0,VALE3.SA
2025-04-02,51.08746657057552,51.16783503518416,50.54274735561186,50.837432861328125,13197700,0.0,0.0,VALE3.SA
2025-04-03,50.00696044957672,50.399871055357146,48.89966196935354,48.99789047241211,32351100,0.0,0.0,VALE3.SA
2025-04-04,47.52446997747264,47.79236370930146,46.07783769398049,47.042259216308594,45819600,0.0,0.0,VALE3.SA
2025-04-07,46.17606909878059,47.756646644509274,45.69385830724563,46.47968292236328,35942800,0.0,0.0,VALE3.SA
2025-04-08,46.74757812675297,47.15835218777055,43.77395163259834,43.934688568115234,46815300,0.0,0.0,VALE3.SA
2025-04-09,43.89003925646836,46.48861511758988,43.55070535454985,46.30108642578125,56491900,0.0,0.0,VALE3.SA
2025-04-10,46.52433360224918,47.54233534773785,45.95282600184051,47.131561279296875,38010400,0.0,0.0,VALE3.SA
2025-04-11,46.93510311947526,48.35494366688469,46.93510311947526,47.917381286621094,22129900,0.0,0.0,VALE3.SA
2025-04-14,48.578189097894814,49.00681975737314,48.39066041662944,48.5424690246582,19994800,0.0,0.0,VALE3.SA
2025-04-15,48.560329694072955,48.80143508188145,47.801293456945366,48.05133056640625,17471900,0.0,0.0,VALE3.SA
2025-04-16,47.792369594817835,47.899526419454745,46.81008791520835,46.93510818481445,23105900,0.0,0.0,VALE3.SA
2025-04-17,47.13155933966531,47.61377013508567,46.935105739143346,47.22085952758789,23172400,0.0,0.0,VALE3.SA
2025-04-22,47.4708931592448,48.47996313908495,47.11369922107633,48.06026077270508,16780900,0.0,0.0,VALE3.SA
2025-04-23,49.02468127753463,49.42652019101877,48.57819056792668,48.63176727294922,18377400,0.0,0.0,VALE3.SA
2025-04-24,48.622839713277735,49.71227474526423,48.49782285767714,49.390804290771484,19621700,0.0,0.0,VALE3.SA
2025-04-25,48.66749071686133,48.774647540779405,47.89952609813143,48.08705139160156,26162200,0.0,0.0,VALE3.SA
2025-04-28,48.13170082571444,48.38173453805509,47.890595428905726,48.256717681884766,12001900,0.0,0.0,VALE3.SA
2025-04-29,48.408519525578335,48.524608058145844,48.07811737060547,48.07811737060547,11816200,0.0,0.0,VALE3.SA
2025-04-30,46.97082203468996,47.551261328986826,46.62255982069337,47.202999114990234,18774400,0.0,0.0,VALE3.SA
2025-05-02,47.56018850921095,47.828085658001726,46.92617252417412,47.149417877197266,17135800,0.0,0.0,VALE3.SA
2025-05-05,47.238720655744665,47.39945759126229,47.086912035998495,47.29229736328125,12201600,0.0,0.0,VALE3.SA
2025-05-06,47.319086058586144,47.845945222778816,47.256574226419204,47.3280143737793,12065000,0.0,0.0,VALE3.SA
2025-05-07,47.819155837247855,47.819155837247855,47.02440289392381,47.23871994018555,11240100,0.0,0.0,VALE3.SA
2025-05-08,47.23872116786857,47.59591171231594,47.033332431905215,47.09584426879883,15414600,0.0,0.0,VALE3.SA
2025-05-09,47.32801554696238,47.399455696093355,46.89045314966966,47.28336715698242,15558800,0.0,0.0,VALE3.SA
2025-05-12,48.72106830708758,49.2925758803044,48.471031188964844,48.471031188964844,26482400,0.0,0.0,VALE3.SA
2025-05-13,48.658560962068854,49.49796230310525,48.33708709336652,49.265785217285156,21187200,0.0,0.0,VALE3.SA
2025-05-14,49.560468578221375,49.73013382090454,48.97110098003581,49.024681091308594,16297800,0.0,0.0,VALE3.SA
2025-05-15,49.11397723633614,49.69441651171069,48.97110034790677,49.51581954956055,13955400,0.0,0.0,VALE3.SA
2025-05-16,49.29257494603348,49.7122738960295,48.944312738108664,49.55154037475586,18163800,0.0,0.0,VALE3.SA
2025-05-19,49.11397728097562,49.53367963144187,48.99788874450445,49.4175910949707,14475200,0.0,0.0,VALE3.SA
2025-05-20,49.40866467016343,49.58725823285528,49.19434762589782,49.42652130126953,10499200,0.0,0.0,VALE3.SA
2025-05-21,49.24792963077324,49.381874807938544,48.61391019562314,48.79250717163086,14486300,0.0,0.0,VALE3.SA
2025-05-22,48.774646195134004,48.79250623303661,48.19421029234192,48.42638397216797,18476000,0.0,0.0,VALE3.SA
2025-05-23,48.22099822313198,48.61390883418225,47.85487596547377,48.506752014160156,14747300,0.0,0.0,VALE3.SA
2025-05-26,48.16741863342483,48.30136721474875,48.042401774297936,48.22992706298828,7194500,0.0,0.0,VALE3.SA
2025-05-27,48.22099425436024,48.408519525578335,47.88166037802255,48.07811737060547,17943000,0.0,0.0,VALE3.SA
2025-05-28,47.988823077355825,48.033471467128074,47.49768057049976,47.69413757324219,17700600,0.0,0.0,VALE3.SA
2025-05-29,47.97989211025816,48.11384068813572,47.622701580007764,47.7298583984375,10246100,0.0,0.0,VALE3.SA
2025-05-30,47.64055690263764,47.67627697661782,46.479681749911805,46.524330139160156,28286100,0.0,0.0,VALE3.SA
2025-06-02,46.95296822332961,47.104773441027405,46.66721101354111,46.93510818481445,19267700,0.0,0.0,VALE3.SA
2025-06-03,46.37252248098278,47.00653843154505,46.31894237284728,46.90830993652344,12824900,0.0,0.0,VALE3.SA
2025-06-04,46.98868249420211,47.62270190652184,46.98868249420211,47.12263107299805,11714700,0.0,0.0,VALE3.SA
2025-06-05,47.328014795055736,47.91738239020771,47.211926257789116,47.24764633178711,12594000,0.0,0.0,VALE3.SA
2025-06-06,47.46196256988925,47.74771634415261,47.06904857543687,47.31015396118164,16638900,0.0,0.0,VALE3.SA
2025-06-09,47.22978499511036,47.586978912353516,46.98867961193927,47.586978912353516,13029200,0.0,0.0,VALE3.SA
2025-06-10,47.595913141678516,48.1049123228037,47.42624788345481,47.9084587097168,18890600,0.0,0.0,VALE3.SA
2025-06-11,48.05132968567197,48.05132968567197,47.31908522046914,47.48875045776367,13639700,0.0,0.0,VALE3.SA
2025-06-12,47.23872074066536,47.36373760041404,46.85473843917785,47.176212310791016,11136800,0.0,0.0,VALE3.SA
2025-06-13,46.49754064839829,46.89045123319851,46.39931215058483,46.55112075805664,13264900,0.0,0.0,VALE3.SA
2025-06-16,46.71186253277961,48.2656484032811,46.71186253277961,48.06919479370117,41210000,0.0,0.0,VALE3.SA
2025-06-17,47.890596340420096,48.122770019662035,45.88138806855959,45.90817642211914,43657300,0.0,0.0,VALE3.SA
2025-06-18,47.8905916511722,48.12276530768066,45.61348984731876,45.75636672973633,20499000,0.0,0.0,VALE3.SA
2025-06-20,45.75637156666982,45.79208823620966,44.577632904052734,44.577632904052734,39947200,0.0,0.0,VALE3.SA
2025-06-23,44.66693014491738,45.14020919799805,44.49726490482993,45.14020919799805,17288800,0.0,0.0,VALE3.SA
2025-06-24,45.309879775731766,45.318808091294294,44.77408886772592,45.131282806396484,18576300,0.0,0.0,VALE3.SA
2025-06-25,44.87231625125283,45.184858384948704,44.39903718981229,45.077701568603516,23319900,0.0,0.0,VALE3.SA
2025-06-26,45.399177353008085,46.70292946103851,45.399177353008085,46.435035705566406,40488400,0.0,0.0,VALE3.SA
2025-06-27,46.604701649736135,47.40838633457206,46.35466792843339,47.21192932128906,26016900,0.0,0.0,VALE3.SA
2025-06-30,47.14049308882037,47.35480673614276,46.827947527332036,47.01547622680664,19961900,0.0,0.0,VALE3.SA
2025-07-01,46.97082255196695,47.962032498998596,46.88152577022426,47.64949035644531,21844300,0.0,0.0,VALE3.SA
2025-07-02,48.05132990402437,49.73906418896493,48.04239818249511,49.38187026977539,63100200,0.0,0.0,VALE3.SA
2025-07-03,49.56047081708125,49.89980472423053,48.95324315437367,49.14970016479492,18256300,0.0,0.0,VALE3.SA
2025-07-04,49.140767221051526,49.29257583618164,48.89073350960644,49.29257583618164,5449600,0.0,0.0,VALE3.SA
2025-07-07,49.15862725365557,49.27471579386669,48.399594397441376,48.56925964355469,13174500,0.0,0.0,VALE3.SA
2025-07-08,48.685345824078794,49.64083563950043,48.542468937841555,48.73892593383789,26632000,0.0,0.0,VALE3.SA
2025-07-09,48.84608529415477,48.84608529415477,47.99775224755832,48.256717681884766,12209400,0.0,0.0,VALE3.SA
2025-07-10,49.41759378542193,51.0070996829879,49.292576926933,49.364013671875,46597200,0.0,0.0,VALE3.SA
2025-07-11,49.29257357470591,50.20341500433694,49.1229049299062,50.0069580078125,18313200,0.0,0.0,VALE3.SA
2025-07-14,49.88194221351611,49.92659060282014,48.997889116899906,49.43545150756836,15141300,0.0,0.0,VALE3.SA
2025-07-15,49.05147028320043,49.43545257109256,47.79236660159831,48.140628814697266,25029100,0.0,0.0,VALE3.SA
2025-07-16,48.310292702885725,48.685346664768396,48.14062746206602,48.578189849853516,26394100,0.0,0.0,VALE3.SA
2025-07-17,48.57819178960214,48.926454006822055,48.32815466954502,48.4888916015625,20252800,0.0,0.0,VALE3.SA
2025-07-18,48.26564310793691,48.91751910926675,48.19420636859644,48.721065521240234,23714000,0.0,0.0,VALE3.SA
2025-07-21,49.51581776393407,50.73920128989661,49.417589267971096,50.051605224609375,40484000,0.0,0.0,VALE3.SA
2025-07-22,50.855292631682445,51.766134090314665,50.819572557276366,51.346431732177734,40945900,0.0,0.0,VALE3.SA
2025-07-23,51.301785656724455,51.70362799578626,50.89994331766265,51.274993896484375,17914800,0.0,0.0,VALE3.SA
2025-07-24,50.8463621234303,51.15890767226247,50.26592622952005,50.48023986816406,21651200,0.0,0.0,VALE3.SA
2025-07-25,50.16769776168534,50.25699454344194,49.35508478446639,49.73906707763672,21918900,0.0,0.0,VALE3.SA
2025-07-28,49.06039800844117,49.399731901986314,48.79250426362291,49.25685501098633,19175100,0.0,0.0,VALE3.SA
2025-07-29,49.605119311188375,49.73906789247151,48.9085948640055,48.953243255615234,14648700,0.0,0.0,VALE3.SA
2025-07-30,48.5067480218698,48.83715017684266,47.62269836815388,48.07811737060547,35607800,0.0,0.0,VALE3.SA
2025-07-31,47.33694247905482,47.88166167767194,46.76543492852333,47.73878479003906,20790000,0.0,0.0,VALE3.SA
2025-08-01,48.435311705053266,49.02467928148135,47.83701240718256,47.99774932861328,40510900,0.0,0.0,VALE3.SA
2025-08-04,48.56925821873794,48.57818994042885,48.051330773638895,48.38173294067383,16198100,0.0,0.0,VALE3.SA
2025-08-05,48.372802016493075,49.08718987957881,48.3192253112793,48.3192253112793,21037600,0.0,0.0,VALE3.SA
2025-08-06,48.67641406208867,48.765714244946246,47.97988966806791,48.01560974121094,17954300,0.0,0.0,VALE3.SA
2025-08-07,48.31029241770815,48.65855802541971,48.131698862722175,48.36387252807617,20298800,0.0,0.0,VALE3.SA
2025-08-08,48.39959169119448,49.739063767114324,48.39065996974097,49.46223831176758,24205600,0.0,0.0,VALE3.SA
2025-08-11,49.54260987547804,49.99803231742833,49.38187294378427,49.40866470336914,22304000,0.0,0.0,VALE3.SA
2025-08-12,49.96231003938929,50.158763631111256,49.739064689263735,49.92658996582031,25851300,0.0,0.0,VALE3.SA
2025-08-13,50.1903786339678,50.37524261481594,49.8576241736386,49.996273040771484,19720000,1.895387,0.0,VALE3.SA
2025-08-14,49.49714194577589,49.552602198493716,49.062715640441446,49.37697982788086,42823200,0.0,0.0,VALE3.SA
2025-08-15,49.41395344378795,49.52487394947972,48.98876874993114,49.284549713134766,34201900,0.0,0.0,VALE3.SA
2025-08-18,49.08119601158694,49.645029540479484,49.01649415017176,49.17362976074219,12733400,0.0,0.0,VALE3.SA
2025-08-19,49.46016794106261,49.617303559171795,48.98876813870938,49.21060562133789,17724400,0.0,0.0,VALE3.SA
2025-08-20,48.89633549352008,49.23833154992531,48.859361993912216,48.988765716552734,9687300,0.0,0.0,VALE3.SA
2025-08-21,49.00725633977094,49.478656156075,48.9425544733368,49.40471267700195,10813800,0.0,0.0,VALE3.SA
2025-08-22,49.3862244475835,50.73572551565758,49.2753074693001,50.64329528808594,20706700,0.0,0.0,VALE3.SA
2025-08-25,50.99453353471457,51.207129407245326,50.59708073099382,50.76345443725586,10397400,0.0,0.0,VALE3.SA
2025-08-26,50.671026606752086,51.216373443603516,50.541622870208926,51.216373443603516,18891500,0.0,0.0,VALE3.SA
2025-08-27,51.04075011910527,51.32728593178077,50.94831636825264,51.18864059448242,8789100,0.0,0.0,VALE3.SA
2025-08-28,51.76171501072315,51.937333845868494,51.14242475574719,51.20712661743164,22059500,0.0,0.0,VALE3.SA
2025-08-29,51.29031675211686,51.60458445791093,51.25334325120294,51.355018615722656,13885400,0.0,0.0,VALE3.SA
2025-09-01,50.966805961938476,51.391990661621094,50.66178338207478,51.391990661621094,7765400,0.0,0.0,VALE3.SA
2025-09-02,50.93907614846985,51.355019223707934,50.87437428409805,51.19788360595703,9578500,0.0,0.0,VALE3.SA
2025-09-03,51.19788506298172,51.59534139885506,51.05923971794813,51.391990661621094,11832100,0.0,0.0,VALE3.SA
2025-09-04,51.6230675146329,51.90960685680399,51.345773310653804,51.4936637878418,8442100,0.0,0.0,VALE3.SA
2025-09-05,51.94658206613375,52.38100837379411,51.78020483307669,51.96506881713867,14014700,0.0,0.0,VALE3.SA
2025-09-08,51.97430886286715,52.3347916816282,51.97430886286715,52.0944709777832,9701900,0.0,0.0,VALE3.SA
2025-09-09,52.44571279629182,53.166678442226704,51.80793223936128,51.93733596801758,24300300,0.0,0.0,VALE3.SA
2025-09-10,52.1961456817401,52.73224733398892,52.02052331770354,52.297821044921875,13463700,0.0,0.0,VALE3.SA
2025-09-11,52.177661116996084,52.93560027756857,52.048257386067206,52.70452117919922,14107200,0.0,0.0,VALE3.SA
2025-09-12,52.40874093957245,53.08349149301648,52.40874093957245,52.68603515625,12303800,0.0,0.0,VALE3.SA
2025-09-15,53.129702794761144,53.194404656475704,52.66754462480743,53.148189544677734,12457500,0.0,0.0,VALE3.SA
2025-09-16,53.397755450667894,53.665808035834836,52.86165028033402,53.33305358886719,15618500,0.0,0.0,VALE3.SA
2025-09-17,53.18516680437968,53.628838255781694,53.01878956935552,53.42548751831055,23116700,0.0,0.0,VALE3.SA
2025-09-18,53.46245944448726,53.68429692664131,53.05576150752319,53.32381057739258,17700400,0.0,0.0,VALE3.SA
2025-09-19,53.58262229632988,53.78596950460929,53.19440757872879,53.53640365600586,25374600,0.0,0.0,VALE3.SA
2025-09-22,53.44397432729602,54.017049511894584,53.434732714667916,53.6103515625,21947300,0.0,0.0,VALE3.SA
2025-09-23,53.61035065582103,53.97083348400394,53.296082941971555,53.30532455444336,17652400,0.0,0.0,VALE3.SA
2025-09-24,53.56413487368304,53.73975371635548,53.3053238898655,53.50867462158203,13005700,0.0,0.0,VALE3.SA
2025-09-25,53.78596805303355,54.11872250885776,53.64732271376487,53.8044548034668,13631100,0.0,0.0,VALE3.SA
2025-09-26,53.370029316737394,53.5548897718926,52.260848955870344,52.769222259521484,29037000,0.0,0.0,VALE3.SA
2025-09-29,53.148190203153945,53.37926929099375,52.80619414042742,52.94483947753906,15580200,0.0,0.0,VALE3.SA
2025-09-30,53.30532253823336,53.4069979015135,52.7692208854659,53.222137451171875,18280700,0.0,0.0,VALE3.SA
2025-10-01,53.38851190929152,54.22963966384172,53.38851190929152,53.896888732910156,18278300,0.0,0.0,VALE3.SA
2025-10-02,53.9431022977136,54.405260468837284,53.68429485020019,54.25736999511719,14824500,0.0,0.0,VALE3.SA
2025-10-03,54.257372234898845,54.64558342219459,54.07250825362066,54.155696868896484,19240200,0.0,0.0,VALE3.SA
2025-10-06,54.35904762640912,55.431254487141146,54.349802488047935,55.080013275146484,26102900,0.0,0.0,VALE3.SA
2025-10-07,54.996822308479466,55.10773928216138,54.303585052490234,54.303585052490234,26072300,0.0,0.0,VALE3.SA
2025-10-08,54.64558500788753,54.89515086095685,54.432992657344165,54.71953201293945,24609500,0.0,0.0,VALE3.SA
2025-10-09,55.32958223430225,55.810227202500506,54.63634490966797,54.63634490966797,18184600,0.0,0.0,VALE3.SA
2025-10-10,55.061527184422225,55.27411953144469,54.41450500488281,54.41450500488281,22970400,0.0,0.0,VALE3.SA
2025-10-13,55.153954458874004,55.514440794241324,55.04303748506169,55.227901458740234,23294500,0.0,0.0,VALE3.SA
2025-10-14,54.811958399460266,55.57914265613076,54.73801492558106,55.227901458740234,19329000,0.0,0.0,VALE3.SA
2025-10-15,54.987582367105105,56.36481178295993,54.959850478351825,56.2538948059082,45104600,0.0,0.0,VALE3.SA
2025-10-16,56.02281788893161,56.3185988565462,55.52368618383676,55.73627853393555,21358500,0.0,0.0,VALE3.SA
2025-10-17,55.36655118521477,55.736275612359215,55.27411743393835,55.57914352416992,17325300,0.0,0.0,VALE3.SA
2025-10-20,55.58838822175985,56.70681022937991,55.58838822175985,56.290870666503906,17798400,0.0,0.0,VALE3.SA
2025-10-21,56.05978758657171,56.429512008002916,55.98584058669325,56.19843292236328,13432700,0.0,0.0,VALE3.SA
2025-10-22,56.57740344157399,57.529451688231404,56.54967507914269,57.19669723510742,25267300,0.0,0.0,VALE3.SA
2025-10-23,57.51096549134634,57.80674644675001,57.002588668633365,57.085777282714844,11217700,0.0,0.0,VALE3.SA
2025-10-24,57.298372475469186,57.427776201186475,56.68832382138264,57.058048248291016,11127600,0.0,0.0,VALE3.SA
2025-10-27,57.36307512594069,57.45550535244011,56.75302646347798,56.99334716796875,12018100,0.0,0.0,VALE3.SA
2025-10-28,56.99334574399695,57.80674511562025,56.91940226984231,57.49247741699219,15797400,0.0,0.0,VALE3.SA
2025-10-29,58.06555346882908,58.86970771497023,57.96387810504364,58.536956787109375,30844900,0.0,0.0,VALE3.SA
2025-10-30,58.33360680168104,59.1562478086116,58.16722957264035,58.980628967285156,25586000,0.0,0.0,VALE3.SA
2025-10-31,59.41505537023639,60.58894111388402,59.036085798077266,60.32088851928711,38988400,0.0,0.0,VALE3.SA
2025-11-03,60.17299652143789,60.44104912497485,59.75705696021042,60.404075622558594,16985400,0.0,0.0,VALE3.SA
2025-11-04,59.94191697787374,60.08981098644713,59.183977813871294,59.72932815551758,22055700,0.0,0.0,VALE3.SA
2025-11-05,59.72932971041565,61.16201593290066,59.61840920109808,60.75532150268555,22505400,0.0,0.0,VALE3.SA
2025-11-06,60.78304501971317,61.051097606873064,60.320886845707996,60.542720794677734,15939100,0.0,0.0,VALE3.SA
2025-11-07,59.94191438737509,59.951159525505005,59.17473011799846,59.87721252441406,20800300,0.0,0.0,VALE3.SA
2025-11-10,60.13602078130871,60.579695741819734,59.997378967374885,60.2746696472168,12689400,0.0,0.0,VALE3.SA
2025-11-11,60.27467054492989,60.690617148849135,59.85873099298501,60.11753845214844,25496500,0.0,0.0,VALE3.SA
2025-11-12,60.320888535460625,60.95866203811116,60.320888535460625,60.78304672241211,26550300,0.0,0.0,VALE3.SA
2025-11-13,60.78304794679704,61.420821462294576,60.3671013389775,60.69985580444336,19058500,0.0,0.0,VALE3.SA
2025-11-14,59.94191652445755,60.579697090650626,59.72008256524994,60.33012771606445,16374400,0.0,0.0,VALE3.SA
2025-11-17,60.63515416514594,60.79228625998674,59.997380647270234,60.28391647338867,20150800,0.0,0.0,VALE3.SA
2025-11-18,59.57218855393403,60.34861798907195,59.43354673692228,60.09904861450195,22468700,0.0,0.0,VALE3.SA
2025-11-19,60.09904940028928,60.320890414357464,59.80326843350621,60.03434753417969,16523800,0.0,0.0,VALE3.SA
2025-11-21,59.664624851402834,60.330126718016174,59.27640661424385,60.228458404541016,20272600,0.0,0.0,VALE3.SA
2025-11-24,60.089809744040764,60.561206019679375,59.87721387410573,60.16374969482422,20462800,0.0,0.0,VALE3.SA
2025-11-25,60.22846030148836,60.92169760485554,60.22846030148836,60.635154724121094,18275300,0.0,0.0,VALE3.SA
2025-11-26,60.99563478652297,61.827520923163725,60.93093292322725,61.540985107421875,33408500,0.0,0.0,VALE3.SA
2025-11-27,61.46703809498176,61.605686959726185,61.13428364038483,61.309906005859375,9739100,0.0,0.0,VALE3.SA
2025-11-28,62.576214166656825,62.67788952946496,61.966169041782116,62.29892349243164,46007200,0.0,0.0,VALE3.SA
2025-12-01,62.66865426461229,62.97367331479404,62.391356525929496,62.77956771850586,15657000,0.0,0.0,VALE3.SA
2025-12-02,62.94594686659085,63.519025586384416,62.631682668364306,63.29719161987305,22567200,0.0,0.0,VALE3.SA
2025-12-03,63.648426992146575,65.7188937250973,63.61145349041851,65.33992767333984,42361200,0.0,0.0,VALE3.SA
2025-12-04,65.34916996484507,66.91126701649434,65.33993187779942,66.47683715820312,38019900,0.0,0.0,VALE3.SA
2025-12-05,66.51381096956757,66.85581059515802,64.6282045632383,64.90550231933594,40196800,0.0,0.0,VALE3.SA
2025-12-08,65.09035793164009,65.49705939637482,64.23074341425259,64.46182250976562,20860900,0.0,0.0,VALE3.SA
2025-12-09,63.87025914797451,65.09960160083372,63.68539869652578,64.49879455566406,23081300,0.0,0.0,VALE3.SA
2025-12-10,64.93322132245133,65.94996786158961,64.93322132245133,65.68191528320312,24454800,0.0,0.0,VALE3.SA
2025-12-11,65.38614060357213,66.89278085902333,65.13657827675343,66.55078125,25687700,0.0,0.0,VALE3.SA
2025-12-12,65.90078515153705,67.09721595538872,65.87160517944477,66.73731231689453,36483700,3.581771,0.0,VALE3.SA
2025-12-15,66.77622576279249,67.4960256654397,66.63031847168956,67.1458511352539,16841700,0.0,0.0,VALE3.SA
2025-12-16,67.4376670410383,68.11855785134482,67.36957796000765,67.39875793457031,21953000,0.0,0.0,VALE3.SA
2025-12-17,67.73919759465001,68.83835192982464,67.54465949996245,68.25473022460938,29375000,0.0,0.0,VALE3.SA
2025-12-18,68.67299352765279,69.17880444562543,68.3909080966974,68.42981719970703,18430200,0.0,0.0,VALE3.SA
2025-12-19,68.57573043781741,68.99399405506442,68.45900311864852,68.91617584228516,37147100,0.0,0.0,VALE3.SA
2025-12-22,69.0912597259876,71.36739410078732,68.87726336190397,70.92967224121094,27853000,0.0,0.0,VALE3.SA
2025-12-23,71.23121947658785,71.52302664295073,70.5989594844051,70.91022491455078,17140900,0.0,0.0,VALE3.SA
2025-12-26,70.87131631883165,71.34793988879946,70.6378690998285,71.12422180175781,16368800,0.0,0.0,VALE3.SA
2025-12-29,71.19230656819585,71.72729005520061,69.74297026106082,70.1515121459961,19963700,0.0,0.0,VALE3.SA
2025-12-30,70.52114193674451,70.85185821263912,69.9472493093439,69.99588012695312,17085400,0.0,0.0,VALE3.SA
2026-01-02,70.35578050058852,70.5697768672664,69.69434055865366,70.40441131591797,28418900,0.0,0.0,VALE3.SA
2026-01-05,70.42387272359508,71.4938471836089,70.32660366743987,71.12422180175781,24958100,0.0,0.0,VALE3.SA
2026-01-06,71.44520364613423,73.9158760792331,70.89076190390179,73.79915618896484,39536600,0.0,0.0,VALE3.SA
2026-01-07,74.02287345397806,75.22902597426004,73.5559790556798,74.23686981201172,41501600,0.0,0.0,VALE3.SA
2026-01-08,73.73107095647953,73.73107095647953,72.16501469707872,73.51707458496094,31894900,0.0,0.0,VALE3.SA
2026-01-09,72.85563689270755,73.6435259021957,72.17473865115127,72.68054962158203,24801200,0.0,0.0,VALE3.SA
2026-01-12,72.95290242122528,73.41007513044943,72.47627886999611,72.69999694824219,13129800,0.0,0.0,VALE3.SA
2026-01-13,72.4373721415145,73.97424845069018,72.25255574121458,73.29335021972656,24539200,0.0,0.0,VALE3.SA
2026-01-14,73.76997291742413,76.93126542215286,73.5754348086713,76.76590728759766,44225300,0.0,0.0,VALE3.SA
2026-01-15,76.74645317709987,77.46625305421793,76.36709868637868,76.69781494140625,35503900,0.0,0.0,VALE3.SA
2026-01-16,76.2503738192443,76.72699737548828,75.45275570789285,76.72699737548828,45910100,0.0,0.0,VALE3.SA
2026-01-19,76.37682257834668,76.50327902630127,75.74457002318589,76.42546081542969,10678500,0.0,0.0,VALE3.SA
2026-01-20,75.70566184754242,78.0206979907569,75.29712736717866,77.89424896240234,31198500,0.0,0.0,VALE3.SA
2026-01-21,78.77940466868141,80.54000640862452,78.30278112238103,80.2481918334961,83134600,0.0,0.0,VALE3.SA
2026-01-22,80.24819367334001,82.0963353755021,79.83965919571611,80.71509552001953,62515300,0.0,0.0,VALE3.SA
2026-01-23,81.46407689751584,83.39975855721748,81.40571694853739,82.69940948486328,25432600,0.0,0.0,VALE3.SA
2026-01-26,83.22466949835254,83.78884039684876,79.93692800293691,80.8026351928711,35741300,0.0,0.0,VALE3.SA
2026-01-27,81.30843829714344,83.77911082690436,81.07499108632085,82.58268737792969,30922500,0.0,0.0,VALE3.SA
2026-01-28,82.96203852484882,85.10198728338366,82.67995308847922,84.59618377685547,28473800,0.0,0.0,VALE3.SA
2026-01-29,85.59807014119922,87.05712815496966,84.4405484088391,85.02417755126953,42013200,0.0,0.0,VALE3.SA
2026-01-30,83.33166730642073,85.50080354785878,81.70725111882557,82.01851654052734,41681400,0.0,0.0,VALE3.SA
2026-02-02,82.11578392918064,83.50675287759827,81.74615856751093,82.50486755371094,22289400,0.0,0.0,VALE3.SA
2026-02-03,84.06119786429656,86.57077954684361,84.06119786429656,86.56105041503906,37709700,0.0,0.0,VALE3.SA
2026-02-04,86.09415700283229,87.14467319440085,85.1603607096862,86.98904418945312,51744400,0.0,0.0,VALE3.SA
2026-02-05,85.58834499538126,86.50269043469063,83.8861105667157,84.09037780761719,57049000,0.0,0.0,VALE3.SA
2026-02-06,84.05147152168001,85.17007671950444,82.87449153624523,83.29275512695312,28889600,0.0,0.0,VALE3.SA
2026-02-09,84.28492109115467,85.28680642650686,82.32005210431089,84.9269027709961,26531100,0.0,0.0,VALE3.SA
2026-02-10,84.35300905481934,85.34516524551742,83.8958363533932,84.67400360107422,14177200,0.0,0.0,VALE3.SA
2026-02-11,86.2303289638728,87.85474508342786,86.06497083889711,87.63101959228516,28395300,0.0,0.0,VALE3.SA
2026-02-12,87.39757483001871,89.119267467514,86.64859497054056,86.79450225830078,51472200,0.0,0.0,VALE3.SA
2026-02-13,85.17981044454905,85.73425221830468,83.67211412620583,84.65454864501953,28644800,0.0,0.0,VALE3.SA
2026-02-18,82.77722530898171,82.82586354582905,81.2792581521502,81.62943267822266,20898700,0.0,0.0,VALE3.SA
2026-02-19,80.7637279594168,82.04769878714946,80.08283714969237,81.18199157714844,28410900,0.0,0.0,VALE3.SA
2026-02-20,81.51271390395634,84.4405517578125,81.14308110960346,84.4405517578125,40577200,0.0,0.0,VALE3.SA
2026-02-23,84.4405516935343,85.90933889578776,84.06119718888951,85.00472259521484,21193900,0.0,0.0,VALE3.SA
2026-02-24,85.0144470504202,86.28868865381735,85.0144470504202,85.33544158935547,19760700,0.0,0.0,VALE3.SA
2026-02-25,86.59995967349136,87.86447964879457,86.09415613606198,87.5143051147461,28707500,0.0,0.0,VALE3.SA
2026-02-26,86.51242011119153,86.94040543813797,84.66427837848772,86.7750473022461,24503100,0.0,0.0,VALE3.SA
2026-02-27,86.70695525637254,87.05712977990574,85.85097721059859,86.05524444580078,17328300,0.0,0.0,VALE3.SA
2026-03-02,85.52025325669469,86.72641324331465,84.90745155303908,85.75370788574219,13952600,0.0,0.0,VALE3.SA
2026-03-03,82.92313608832613,82.98149603807671,80.29683445340352,82.17415618896484,36088800,0.0,0.0,VALE3.SA
2026-03-04,83.0593121429061,83.29275935713433,81.2987177727021,81.79479217529297,17605800,0.0,0.0,VALE3.SA
2026-03-05,81.8337000859009,81.99906563883562,78.35142050225312,79.07122039794922,37872100,0.0,0.0,VALE3.SA
2026-03-06,78.69186217028782,78.9836693147015,76.26009886107715,76.7075424194336,29504600,0.0,0.0,VALE3.SA
2026-03-09,75.59865918789595,77.91369519411445,74.46059573659228,77.09662628173828,30576600,0.0,0.0,VALE3.SA
2026-03-10,77.97206879461525,78.7794086403539,77.49543780313256,78.36114501953125,17172800,0.0,0.0,VALE3.SA
2026-03-11,77.6121646480186,78.73077734068518,76.64918838128798,77.67052459716797,20865000,0.0,0.0,VALE3.SA
2026-03-12,77.59270398362864,77.59270398362864,75.54030248345678,77.0771713256836,29136500,0.0,0.0,VALE3.SA
2026-03-13,77.13553954677829,78.29305390175858,75.89047042750848,76.16283416748047,14416400,0.0,0.0,VALE3.SA
2026-03-16,77.22307838293146,78.01096735431524,76.65890748979477,76.6880874633789,13591400,0.0,0.0,VALE3.SA
2026-03-17,76.94099536149393,77.53434624691681,76.48382263785795,76.80481719970703,14222300,0.0,0.0,VALE3.SA
2026-03-18,76.50328138212555,76.52273222486589,74.9469542225338,75.02476501464844,19412200,0.0,0.0,VALE3.SA
2026-03-19,72.14555216346383,74.6162245791354,72.0385539840375,74.53840637207031,27262900,0.0,0.0,VALE3.SA
2026-03-20,74.12987382279132,74.60649736630313,72.67081579799151,73.4878921508789,44208900,0.0,0.0,VALE3.SA
2026-03-23,74.47032265083705,76.27955527885045,73.89643003006076,75.37493896484375,23384500,0.0,0.0,VALE3.SA
2026-03-24,74.87885938947896,76.26982830489568,74.47031751178076,75.9682846069336,15700300,0.0,0.0,VALE3.SA
2026-03-25,77.03826269711638,78.05960630887125,76.84372459066454,77.37871551513672,18658300,0.0,0.0,VALE3.SA
2026-03-26,75.9974709856559,77.4176199932311,75.88075108603401,76.75618743896484,13518900,0.0,0.0,VALE3.SA
2026-03-27,76.32819443376722,77.73861430470001,76.0363798433623,76.8437271118164,11101700,0.0,0.0,VALE3.SA
2026-03-30,78.0596071639151,78.8474961511744,77.12581088464215,77.330078125,18776700,0.0,0.0,VALE3.SA
2026-03-31,78.53623177077995,80.48164256713127,78.39032447682295,80.22874450683594,24956400,0.0,0.0,VALE3.SA
2026-04-01,81.03607912591647,81.74615728614027,80.32600838684544,80.73454284667969,28514000,0.0,0.0,VALE3.SA
2026-04-02,79.28521897918165,81.48352783294365,79.13931168541612,81.26953887939453,14019800,0.0,0.0,VALE3.SA
2026-04-06,81.74615703814659,81.92124429485193,80.54000450370579,80.82208251953125,8680700,0.0,0.0,VALE3.SA
2026-04-07,80.78318509046301,81.41543765299025,80.34546321507516,81.40571594238281,15312500,0.0,0.0,VALE3.SA
2026-04-08,84.13901062285599,84.35300698176675,82.41732546270126,83.25384521484375,24942400,0.0,0.0,VALE3.SA
2026-04-09,83.03012876823735,83.20521602702604,81.96015437392997,82.37841796875,17973100,0.0,0.0,VALE3.SA
2026-04-10,82.6799526351764,84.0320124434006,82.27141817970276,83.25384521484375,24002400,0.0,0.0,VALE3.SA
2026-04-13,82.78695311870217,84.97554016113281,82.60213672701688,84.97554016113281,24661900,0.0,0.0,VALE3.SA
2026-04-14,85.1117177041174,86.12333215365325,84.80045229050275,85.88988494873047,18528400,0.0,0.0,VALE3.SA
2026-04-15,85.74397657465491,86.64859283104832,85.49107111019204,86.02606201171875,24527300,0.0,0.0,VALE3.SA
2026-04-16,86.46377980434855,86.95013248967896,84.72263630032731,85.05335998535156,13618900,0.0,0.0,VALE3.SA
2026-04-17,85.79261191364398,87.30030822753906,85.40353569690616,87.30030822753906,30119000,0.0,0.0,VALE3.SA
2026-04-20,86.37624032456529,86.9987711712774,85.62725302948309,86.30815124511719,16067700,0.0,0.0,VALE3.SA
2026-04-22,85.54943385854347,86.30815027679252,84.83936309814453,84.83936309814453,13222100,0.0,0.0,VALE3.SA
2026-04-23,84.27519256656497,84.79072522468991,83.37057627665514,83.62348175048828,12637500,0.0,0.0,VALE3.SA
2026-04-24,83.62348365448203,84.61563988802817,83.40948728107028,83.52621459960938,11436400,0.0,0.0,VALE3.SA
2026-04-27,83.79856548940747,83.94447277283449,82.5729546982343,83.16630554199219,8656600,0.0,0.0,VALE3.SA
2026-04-28,82.38814518879443,82.97177437122303,81.75589260975231,82.08660888671875,13687500,0.0,0.0,VALE3.SA
2026-04-29,80.54000373677871,80.6470019160327,77.08689687064219,77.27171325683594,43296200,0.0,0.0,VALE3.SA
2026-04-30,78.8183108574822,79.47002164051838,78.0206927922798,78.96421813964844,17593900,0.0,0.0,VALE3.SA
2026-05-04,78.9642223896163,79.13930965340869,76.50327898603369,76.51300811767578,18555600,0.0,0.0,VALE3.SA
2026-05-05,77.25225919035084,77.25225919035084,75.84183936343848,76.25037384033203,16295600,0.0,0.0,VALE3.SA
2026-05-06,78.15687765491295,79.41166851545128,77.91370130413776,79.01286315917969,17424200,0.0,0.0,VALE3.SA
2026-05-07,79.07122326590327,79.44084864820171,77.42734875662362,77.884521484375,18912100,0.0,0.0,VALE3.SA
2026-05-08,78.37087136239039,79.55757310114969,78.16660412523308,78.59459686279297,16782600,0.0,0.0,VALE3.SA
2026-05-11,79.16848587334303,81.63915829141877,78.97394777664368,81.17225646972656,24868900,0.0,0.0,VALE3.SA
2026-05-12,80.88045311506065,81.69752206487229,79.5089349792515,80.97772216796875,16503000,0.0,0.0,VALE3.SA
2026-05-13,81.21116522754355,82.72859057571831,80.74427082899182,81.99906158447266,31641800,0.0,0.0,VALE3.SA
2026-05-14,82.67995294025366,83.0787656871776,80.37463863959867,80.60809326171875,31954300,0.0,0.0,VALE3.SA
2026-05-15,78.44869256337608,81.22090148925781,78.04987978432914,81.22090148925781,36318900,0.0,0.0,VALE3.SA
2026-05-18,80.73454481241274,81.31816654369356,78.84749404082355,79.59648132324219,22668800,0.0,0.0,VALE3.SA
2026-05-19,78.5945971721363,79.06149159571837,77.98178803709939,78.80858612060547,20334400,0.0,0.0,VALE3.SA
2026-05-20,79.22684989512966,79.9661080587042,78.6432281538458,79.7618408203125,15669300,0.0,0.0,VALE3.SA
2026-05-21,79.1393088735938,80.61781775904178,79.00313071655857,80.37464141845703,15156600,0.0,0.0,VALE3.SA
2026-05-22,80.0828377308212,80.87072673367018,79.61593587136973,80.83181762695312,11443900,0.0,0.0,VALE3.SA
2026-05-25,80.57891210907435,81.30844116210938,80.19955759518841,81.30844116210938,7059500,0.0,0.0,VALE3.SA
2026-05-26,80.95827161500236,81.82397880493654,80.05365531953535,80.8026351928711,10409000,0.0,0.0,VALE3.SA
2026-05-27,81.39598195996824,81.64888742259954,80.2579185098564,81.17225646972656,10613200,0.0,0.0,VALE3.SA
2026-05-28,80.88045360946137,81.7558899332916,79.99528815393495,81.66834259033203,12798900,0.0,0.0,VALE3.SA
2026-05-29,81.71697759965242,81.97960477585058,80.13146314769327,80.55945587158203,20839400,0.0,0.0,VALE3.SA
2026-06-01,79.88828770613992,80.00501501972903,78.38059886666655,79.47002410888672,16605900,0.0,0.0,VALE3.SA
2026-06-02,79.9758348504273,82.7577727376771,79.8007475910496,82.6799545288086,18457400,0.0,0.0,VALE3.SA
2026-06-03,81.32789485004268,81.50298210976575,79.55757141113281,79.55757141113281,19308800,0.0,0.0,VALE3.SA
2026-06-05,78.58486850260371,78.58486850260371,76.19201415950326,76.55191040039062,23008500,0.0,0.0,VALE3.SA
2026-06-08,76.76590790280126,77.11608243828516,75.20958075684685,75.9391098022461,15671500,0.0,0.0,VALE3.SA
2026-06-09,76.63945390571392,76.63945390571392,74.73295234784834,76.35736846923828,17523500,0.0,0.0,VALE3.SA
2026-06-10,75.79319710340175,76.01692259334227,75.09284808238252,75.5792007446289,12469100,0.0,0.0,VALE3.SA
2026-06-11,75.98774524036239,76.89236152016979,74.99558161933341,76.64918518066406,17725500,0.0,0.0,VALE3.SA
2026-06-12,76.51300460581055,77.62188808521482,75.99746454858514,77.00907897949219,12112600,0.0,0.0,VALE3.SA
2026-06-15,78.57513802555835,80.48163964625257,78.44868899999983,78.94477081298828,22329400,0.0,0.0,VALE3.SA
2026-06-16,78.53622675107012,79.94665394096812,78.40004859772174,79.21712493896484,19713900,0.0,0.0,VALE3.SA
2026-06-17,78.15687400802699,79.11985023424026,77.09662873027298,77.60243225097656,20268200,0.0,0.0,VALE3.SA
2026-06-18,77.33007914947811,78.18605722819677,76.72699913103682,77.75807189941406,19651900,0.0,0.0,VALE3.SA
2026-06-19,77.5051650124034,78.85722489755935,77.33007774707333,78.54595947265625,26305900,0.0,0.0,VALE3.SA
2026-06-22,78.35141698063416,79.35330227906647,77.9234242624096,78.70159149169922,18089300,0.0,0.0,VALE3.SA
2026-06-23,77.30089572959916,77.79697753844596,76.66863576477918,77.21334838867188,18415100,0.0,0.0,VALE3.SA
2026-06-24,76.4157306158682,76.707545191982,75.05394905041157,75.60839080810547,22558900,0.0,0.0,VALE3.SA
2026-06-25,76.06555711597618,77.0577207511841,75.30684811326013,76.51300811767578,13882800,0.0,0.0,VALE3.SA
2026-06-26,76.04610196919178,76.7269927225348,75.78347479894595,76.01692199707031,25251100,0.0,0.0,VALE3.SA
2026-06-29,76.21146340741942,76.41573064230857,75.04421994486617,75.99746704101562,11791900,0.0,0.0,VALE3.SA
2026-06-30,75.968284077708,76.15310046344699,75.14148603917735,75.75428771972656,11289500,0.0,0.0,VALE3.SA
2026-07-01,74.9858495904491,76.76590210792816,74.93721877711877,75.84183502197266,15414700,0.0,0.0,VALE3.SA
2026-07-02,76.45464384106346,77.15499292455756,75.59866575076697,76.1044692993164,17199300,0.0,0.0,VALE3.SA
2026-07-03,76.28928212247399,76.88263298919483,75.88074764999004,76.6880874633789,7793500,0.0,0.0,VALE3.SA
2026-07-06,76.15310070889028,76.6297242397425,75.38466261236782,75.666748046875,12389100,0.0,0.0,VALE3.SA
2026-07-07,75.4819367344919,75.4819367344919,73.721342354417,74.12014770507812,16866100,0.0,0.0,VALE3.SA
2026-07-08,73.16689697027054,73.16689697027054,70.37522996873155,70.7156753540039,29276700,0.0,0.0,VALE3.SA
2026-07-09,71.40630207099522,71.48411285757365,69.96669491257964,71.15339660644531,18980500,0.0,0.0,VALE3.SA
2026-07-10,71.98019381212704,72.62218288665875,71.12421580057075,72.15528106689453,22142400,0.0,0.0,VALE3.SA
2026-07-13,72.15528749878527,72.15528749878527,70.47250387678659,70.86158752441406,16237900,0.0,0.0,VALE3.SA
2026-07-14,71.4160291504938,72.65136917235837,71.18258193090138,71.98992919921875,14780100,0.0,0.0,VALE3.SA
2026-07-15,71.97046925706753,72.95290377245954,71.78566028056143,72.47628021240234,15456000,0.0,0.0,VALE3.SA
2026-07-16,71.83428598335527,72.05801147097176,70.56004439627526,70.988037109375,12989700,0.0,0.0,VALE3.SA
2026-07-17,70.98804393351438,71.12422209692747,70.13205842502829,70.94913482666016,13491600,0.0,0.0,VALE3.SA
2026-07-20,71.00749214388743,71.25066848684595,69.75270132368311,69.9666976928711,13137000,0.0,0.0,VALE3.SA
2026-07-21,70.36550407193201,70.97831321474447,69.61652418990396,70.39469146728516,12581400,0.0,0.0,VALE3.SA
2026-07-22,71.60084199300246,73.19607818636183,71.33820739050807,73.0501708984375,17992800,0.0,0.0,VALE3.SA
2026-07-23,72.50545822223222,74.96640158876761,72.47627824889828,73.61434173583984,15826900,0.0,0.0,VALE3.SA
2026-07-24,73.10853717402787,73.46843340155758,72.79726433982495,73.18634796142578,8637800,0.0,0.0,VALE3.SA
2026-07-27,72.33036933666156,73.6532491865458,72.21364202479434,73.62406921386719,10921700,0.0,0.0,VALE3.SA
2026-07-28,74.02287454239622,74.16878182694208,72.95290015764795,73.62406921386719,12270800,0.0,0.0,VALE3.SA
2026-07-29,73.93533740428506,74.12014637858259,72.57354839924263,73.00154113769531,12265200,0.0,0.0,VALE3.SA
2026-07-30,73.90615468728846,74.47031814203663,72.57354570548506,74.01314544677734,16732800,0.0,0.0,VALE3.SA
2026-07-31,73.63379661010163,74.83022753038442,73.18635301178746,74.19796752929688,17353300,0.0,0.0,VALE3.SA
2026-08-03,74.29523509993928,74.39251157597096,71.93156070274125,72.60272979736328,23582200,0.0,0.0,VALE3.SA
2026-08-04,74.03260423388633,74.81077147658415,73.73106795238851,74.22714233398438,19784000,0.0,0.0,VALE3.SA
2026-08-05,74.22714362273503,74.8496744592407,73.24471655268408,74.56759643554688,15107500,0.0,0.0,VALE3.SA
2026-08-06,74.40223459664467,74.460601967522,73.32253099983083,73.33226013183594,21991700,0.0,0.0,VALE3.SA
2026-08-07,73.8380667177043,74.05205566104325,72.48599945306519,72.92372131347656,13038800,0.0,0.0,VALE3.SA
2026-08-10,72.85563568606365,74.24660469998082,72.66109015406109,73.8575210571289,15094700,0.0,0.0,VALE3.SA
2026-08-11,74.22714127329373,74.606495757871,71.69810890239437,72.36927795410156,36211800,0.0,0.0,VALE3.SA
2026-08-12,73.11000061035156,73.54000091552734,72.66000366210938,73.18000030517578,24930300,2.030722,0.0,VALE3.SA
2026-08-13,72.19999694824219,73.19999694824219,71.5,71.9000015258789,19535200,0.0,0.0,VALE3.SA
2026-08-14,71.55000305175781,71.9800033569336,71.08999633789062,71.30000305175781,22933800,0.0,0.0,VALE3.SA
2026-08-17,71.19999694824219,71.80000305175781,70.69000244140625,71.41000366210938,10007400,0.0,0.0,VALE3.SA
2026-08-18,70.98999786376953,72.70999908447266,70.8499984741211,71.55000305175781,12466800,0.0,0.0,VALE3.SA
2026-08-19,72.5999984741211,73.8499984741211,71.76000213623047,72.12999725341797,18624200,0.0,0.0,VALE3.SA
2026-08-20,71.48999786376953,74.0999984741211,71.25,74.0199966430664,24999800,0.0,0.0,VALE3.SA
2026-08-21,74.80000305175781,75.80999755859375,74.51000213623047,75.02999877929688,28372500,0.0,0.0,VALE3.SA
2026-08-24,74.70999908447266,78.36000061035156,74.70999908447266,77.12999725341797,28776400,0.0,0.0,VALE3.SA
2026-08-25,77.0999984741211,78.76000213623047,76.88999938964844,78.69999694824219,18033600,0.0,0.0,VALE3.SA
2026-08-26,79.0,79.58000183105469,78.20999908447266,78.44999694824219,13673700,0.0,0.0,VALE3.SA
2026-08-27,78.06999969482422,79.30000305175781,77.87999725341797,79.11000061035156,11544100,0.0,0.0,VALE3.SA
2026-08-28,79.19000244140625,79.4800033569336,77.76000213623047,78.58000183105469,13040900,0.0,0.0,VALE3.SA
2026-08-31,79.20999908447266,79.69999694824219,77.8499984741211,77.8499984741211,28004000,0.0,0.0,VALE3.SA
2026-09-01,77.87000274658203,78.97000122070312,77.3499984741211,78.30000305175781,15755000,0.0,0.0,VALE3.SA
2026-09-02,78.80000305175781,81.76000213623047,78.5199966430664,80.80000305175781,32989800,0.0,0.0,VALE3.SA
2026-09-03,81.30999755859375,81.98999786376953,77.66000366210938,78.44999694824219,32356700,0.0,0.0,VALE3.SA
2026-09-04,78.19999694824219,79.7300033569336,77.55000305175781,78.62000274658203,13868300,0.0,0.0,VALE3.SA
2026-09-08,79.5999984741211,81.08999633789062,79.0199966430664,79.0199966430664,17890200,0.0,0.0,VALE3.SA
2026-09-09,78.5,80.04000091552734,78.36000061035156,79.0999984741211,19118100,0.0,0.0,VALE3.SA
2026-09-10,77.77999877929688,78.6500015258789,77.18000030517578,78.2300033569336,20768000,0.0,0.0,VALE3.SA
2026-09-11,78.20999908447266,78.63999938964844,77.4000015258789,78.19999694824219,12231700,0.0,0.0,VALE3.SA
2024-09-11,27.929731369018555,28.049279314026247,27.750404607456186,27.929731369018555,22282257,0.0,0.0,ITUB4.SA
2024-09-12,27.802709931327577,27.855012767463577,27.42164779492278,27.62338638305664,16309421,0.0,0.0,ITUB4.SA
2024-09-13,27.765352966261084,27.89237368003493,27.331984758761138,27.653274536132812,22909713,0.0,0.0,ITUB4.SA
2024-09-16,27.69063485347948,27.81018280972867,27.518780831497338,27.645801544189453,12252828,0.0,0.0,ITUB4.SA
2024-09-17,27.578554153442383,27.63085698550111,27.391757863323022,27.578554153442383,19981701,0.0,0.0,ITUB4.SA
2024-09-18,27.53371939548144,27.668216075814826,27.31703855221576,27.42164421081543,18703790,0.0,0.0,ITUB4.SA
2024-09-19,27.49636530015373,27.556140891893847,27.175075531259928,27.3469295501709,27012532,0.0,0.0,ITUB4.SA
2024-09-20,27.34164353591717,27.462089828479165,27.032995640831896,27.048051834106445,34731661,0.240936,0.0,ITUB4.SA
2024-09-23,26.905021252013377,27.085692334062596,26.777046037796623,26.889965057373047,17373195,0.0,0.0,ITUB4.SA
2024-09-24,27.13839294755652,27.34917645574588,26.739411040496403,26.882442474365234,27208315,0.0,0.0,ITUB4.SA
2024-09-25,26.935132693826954,27.228724411942604,26.935132693826954,27.2211971282959,24582587,0.0,0.0,ITUB4.SA
2024-09-26,27.477148087174065,27.77073654003677,27.35669853905498,27.567481994628906,42599440,0.0,0.0,ITUB4.SA
2024-09-27,27.507263632279177,27.74815953103366,27.492209062072437,27.672880172729492,31411178,0.0,0.0,ITUB4.SA
2024-09-30,27.55243215508346,27.853549569774735,27.18355941772461,27.18355941772461,28491777,0.0,0.0,ITUB4.SA
2024-10-01,27.30982649754636,27.347486207896164,26.684699394412515,26.7374210357666,30144937,0.015578,0.0,ITUB4.SA
2024-10-02,27.01609018372544,27.309823851659345,26.752482002494446,26.903114318847656,23530370,0.0,0.0,ITUB4.SA
2024-10-03,26.526530240600994,26.60184639406511,26.09722458510745,26.240325927734375,35700490,0.0,0.0,ITUB4.SA
2024-10-04,26.12735677797684,26.466281162081632,26.082167728156513,26.293052673339844,17541559,0.0,0.0,ITUB4.SA
2024-10-07,26.51146683773076,26.601846547933018,26.247858671468855,26.466276168823242,26410683,0.0,0.0,ITUB4.SA
2024-10-08,26.647039484117688,26.744951794608507,26.564190731211063,26.62444496154785,26176152,0.0,0.0,ITUB4.SA
2024-10-09,26.443684658284145,26.51146985555508,26.0821657763231,26.134885787963867,23707005,0.0,0.0,ITUB4.SA
2024-10-10,26.142418041057756,26.33824103751076,26.03697476392053,26.27798843383789,23211884,0.0,0.0,ITUB4.SA
2024-10-11,26.232797083506277,26.33824035792282,26.021910534673182,26.082164764404297,19225310,0.0,0.0,ITUB4.SA
2024-10-14,26.16501120492578,26.41355582703754,26.074631490304487,26.247859954833984,16356101,0.0,0.0,ITUB4.SA
2024-10-15,26.285521274432288,26.594320162772732,26.157483465233767,26.549129486083984,32631872,0.0,0.0,ITUB4.SA
2024-10-16,26.54912751596214,26.564191073740574,26.24786124323231,26.390962600708008,39642197,0.0,0.0,ITUB4.SA
2024-10-17,26.127351916582324,26.68469536316002,26.014376057826226,26.443681716918945,22310809,0.0,0.0,ITUB4.SA
2024-10-18,26.511465900211746,26.647036274527377,26.375895525896116,26.571720123291016,17703125,0.0,0.0,ITUB4.SA
2024-10-21,26.654564880389717,26.677159398239073,26.360829637897808,26.436145782470703,16873089,0.0,0.0,ITUB4.SA
2024-10-22,26.360839278415913,26.549131336321707,26.217737900348254,26.481346130371094,24850542,0.0,0.0,ITUB4.SA
2024-10-23,26.368367667915816,26.662102970996397,26.360835075337235,26.64703941345215,17395402,0.0,0.0,ITUB4.SA
2024-10-24,26.647034550498713,26.985958836747102,26.57924936772651,26.88804817199707,24236796,0.0,0.0,ITUB4.SA
2024-10-25,26.888054178116583,26.94830678314379,26.526533665114396,26.5867862701416,17380220,0.0,0.0,ITUB4.SA
2024-10-28,26.842859343840843,27.046214906068318,26.72988348895467,26.91064453125,11933889,0.0,0.0,ITUB4.SA
2024-10-29,27.008558355686734,27.068812586023522,26.62444496154785,26.62444496154785,13225282,0.0,0.0,ITUB4.SA
2024-10-30,26.616914687310572,26.805206732094092,26.458749760319556,26.549129486083984,12081065,0.0,0.0,ITUB4.SA
2024-10-31,26.549128749636765,26.820269547021933,26.375900268554688,26.375900268554688,22748147,0.0,0.0,ITUB4.SA
2024-11-01,26.37413439735591,26.60019849952948,26.215891317111883,26.230960845947266,25777562,0.015578,0.0,ITUB4.SA
2024-11-04,26.472092121190688,26.781046727629764,26.291241518044497,26.585124969482422,23226386,0.0,0.0,ITUB4.SA
2024-11-05,26.90161371588949,27.61748134860379,26.826257942629734,27.383882522583008,59510598,0.0,0.0,ITUB4.SA
2024-11-06,27.029715210780545,27.451702642042118,26.765974084013145,27.255779266357422,44058971,0.0,0.0,ITUB4.SA
2024-11-07,27.225635182174138,27.48937629173839,26.796113016064563,26.85639762878418,16816325,0.0,0.0,ITUB4.SA
2024-11-08,26.426881332128765,26.65294542316928,26.283707787771036,26.434417724609375,26247984,0.0,0.0,ITUB4.SA
2024-11-11,26.34398433883209,26.690614318972298,26.30630564484642,26.46455192565918,20677703,0.0,0.0,ITUB4.SA
2024-11-12,26.487164405261314,26.585126102727713,26.11792679151194,26.148067474365234,26591283,0.0,0.0,ITUB4.SA
2024-11-13,26.223421189232244,26.261098261159713,25.84664721309003,26.012428283691406,29706013,0.0,0.0,ITUB4.SA
2024-11-14,25.959674853565303,26.08024244418824,25.748683605517087,25.937068939208984,35013665,0.0,0.0,ITUB4.SA
2024-11-18,25.906926428491442,26.050101560766027,25.786358838826988,25.846643447875977,20962992,0.0,0.0,ITUB4.SA
2024-11-19,25.846641478452177,26.148059615429542,25.741145049088427,26.08024024963379,18019798,0.0,0.0,ITUB4.SA
2024-11-21,25.801434341665644,25.94460786061202,25.62811851501465,25.62811851501465,28727441,0.0,0.0,ITUB4.SA
2024-11-22,25.922001421251757,25.922001421251757,25.57536977494069,25.703472137451172,14604143,0.0,0.0,ITUB4.SA
2024-11-25,25.68840362593408,25.778828928090686,25.597978323777472,25.695940017700195,27017291,0.0,0.0,ITUB4.SA
2024-11-26,25.771296050590934,26.49470014921322,25.748690130506034,26.185747146606445,30264922,0.0,0.0,ITUB4.SA
2024-11-27,26.13299225896882,26.26109624782148,25.409588299494256,25.54522705078125,26816070,0.0,0.0,ITUB4.SA
2024-11-28,25.44726395738069,25.4924774147803,24.58822129425649,24.625898361206055,44303925,0.0,0.0,ITUB4.SA
2024-11-29,24.686180371571503,24.81428271139733,24.249123509799034,24.56561279296875,41721478,0.0,0.0,ITUB4.SA
2024-12-02,24.42059631909262,24.61662585059465,24.126555280471678,24.217029571533203,25024231,0.015578,0.0,ITUB4.SA
2024-12-03,24.28487697819379,24.518602281965002,24.262258820877985,24.488445281982422,23357474,0.0,0.0,ITUB4.SA
2024-12-04,24.435667873553676,24.7674062701286,24.397968773232712,24.63923454284668,25113058,0.0,0.0,ITUB4.SA
2024-12-05,24.865425988405327,25.257481720722605,24.729715391412885,25.167007446289062,36947243,0.0,0.0,ITUB4.SA
2024-12-06,25.091613464371623,25.174548898040683,24.639240445305962,24.654319763183594,24236456,0.0,0.0,ITUB4.SA
2024-12-09,24.692016503629524,24.97852027609134,24.692016503629524,24.774951934814453,18324009,0.0,0.0,ITUB4.SA
2024-12-10,24.919993582878746,25.247286410888048,24.889547202876575,25.110280990600586,21447916,0.274104,0.0,ITUB4.SA
2024-12-11,25.13312292022298,25.68876048466008,24.851497928082324,25.35385513305664,35985666,0.0,0.0,ITUB4.SA
2024-12-12,25.117889913592112,25.25489696865209,24.638366865743215,24.72209358215332,27479555,0.0,0.0,ITUB4.SA
2024-12-13,24.760151342554767,24.836265643971416,24.394799735004913,24.40241050720215,27998356,0.0,0.0,ITUB4.SA
2024-12-16,24.36435954546906,24.440475511081576,24.136014938354492,24.136014938354492,37414605,0.0,0.0,ITUB4.SA
2024-12-17,24.20451670160102,24.493754059894766,24.052288071315083,24.265409469604492,45447689,0.0,0.0,ITUB4.SA
2024-12-18,24.18168121557309,24.234961561795362,23.496647487774723,23.572763442993164,58162101,0.0,0.0,ITUB4.SA
2024-12-19,23.740217039631666,24.006618790772144,23.52709563871928,23.702159881591797,53287369,0.0,0.0,ITUB4.SA
2024-12-20,23.64127561625611,23.991404227937224,23.64127561625611,23.976181030273438,60210112,0.0,0.0,ITUB4.SA
2024-12-23,23.694546345812995,23.831553424185433,23.40531064245902,23.511871337890625,31425454,0.0,0.0,ITUB4.SA
2024-12-26,23.481423741144514,23.770661074408505,23.43575416909402,23.664098739624023,23278278,0.0,0.0,ITUB4.SA
2024-12-27,23.70977131345146,23.77066408389478,23.428146362304688,23.428146362304688,15418543,0.0,0.0,ITUB4.SA
2024-12-30,23.496649737682386,23.64888001783472,23.39008903503418,23.39008903503418,32151480,0.0,0.0,ITUB4.SA
2025-01-02,23.34260692302034,23.49492305535154,23.03035621845043,23.281679153442383,29053972,0.015578,0.0,ITUB4.SA
2025-01-03,23.296906061912217,23.3197531476638,22.710485458374023,22.710485458374023,40039200,0.0,0.0,ITUB4.SA
2025-01-06,23.007504031284572,23.79955169389382,22.93134433618254,23.73101043701172,35104078,0.0,0.0,ITUB4.SA
2025-01-07,23.852873847111763,24.264131456167096,23.791947708255748,23.989959716796875,28624338,0.0,0.0,ITUB4.SA
2025-01-08,23.776704440606185,23.921405391569966,23.502534477591624,23.601539611816406,21783171,0.0,0.0,ITUB4.SA
2025-01-09,23.616775945996885,23.73862983417237,23.548233031035252,23.662471771240234,11465733,0.0,0.0,ITUB4.SA
2025-01-10,23.654853459132788,23.71578122221316,23.266444729818776,23.33498764038086,21853643,0.0,0.0,ITUB4.SA
2025-01-13,23.327375714045317,23.708167702652368,23.327375714045317,23.502540588378906,17535780,0.0,0.0,ITUB4.SA
2025-01-14,23.555853619509534,23.571083917904044,23.16744480269463,23.51777458190918,22928521,0.0,0.0,ITUB4.SA
2025-01-15,23.73862741445568,24.591602898932123,23.66246935928646,24.538291931152344,40308287,0.0,0.0,ITUB4.SA
2025-01-16,24.48498431280486,24.667764328537093,24.256510116042982,24.46213722229004,24765227,0.0,0.0,ITUB4.SA
2025-01-17,24.576370566713575,24.804846359083037,24.439284762130605,24.637296676635742,23627808,0.0,0.0,ITUB4.SA
2025-01-20,24.523058622880246,25.056169916743755,24.523058622880246,24.873388290405273,10462575,0.0,0.0,ITUB4.SA
2025-01-21,24.873386078820385,25.056167688907077,24.774380950587865,24.926698684692383,15918423,0.0,0.0,ITUB4.SA
2025-01-22,25.01808996811127,25.101864814027596,24.759151929179456,24.835309982299805,23835940,0.0,0.0,ITUB4.SA
2025-01-23,24.9114743624069,25.03332826583171,24.622072370402343,24.782005310058594,22913792,0.0,0.0,ITUB4.SA
2025-01-24,24.69822060665269,24.827691253245526,24.606830626932428,24.7210693359375,9909218,0.0,0.0,ITUB4.SA
2025-01-27,24.721073462681115,25.368420220483017,24.60683473460592,25.315109252929688,22917984,0.0,0.0,ITUB4.SA
2025-01-28,25.315111594205646,25.475046157463844,25.109484497943374,25.360807418823242,16244500,0.0,0.0,ITUB4.SA
2025-01-29,25.467430964643476,25.551205825471673,25.284650946297287,25.299882888793945,13655935,0.0,0.0,ITUB4.SA
2025-01-30,25.307497403248146,26.03100395597281,25.307497403248146,25.916765213012695,29709865,0.0,0.0,ITUB4.SA
2025-01-31,26.008155793379437,26.061465119874228,25.749216079711914,25.749216079711914,20432975,0.0,0.0,ITUB4.SA
2025-02-03,25.66360296776882,25.747419915439167,25.32832859042331,25.511205673217773,25677405,0.015578,0.0,ITUB4.SA
2025-02-04,25.450250460689432,25.82362216736227,25.313094683408,25.60264778137207,23154667,0.0,0.0,ITUB4.SA
2025-02-05,25.770284486183556,26.219855696314934,25.716945668597326,25.991260528564453,45348664,0.0,0.0,ITUB4.SA
2025-02-06,25.374053208705316,26.204615249909196,25.107359126361533,26.03697967529297,44044581,0.0,0.0,ITUB4.SA
2025-02-07,26.12841913598104,26.265576572145374,25.678847905590498,25.846485137939453,40083613,0.0,0.0,ITUB4.SA
2025-02-10,25.95315972396223,26.31891064847324,25.915060806547856,26.128416061401367,42687021,0.0,0.0,ITUB4.SA
2025-02-11,26.21223444894185,26.59322526657206,26.21223444894185,26.402729034423828,35512412,0.0,0.0,ITUB4.SA
2025-02-12,26.21223347818122,26.372248265393488,25.549307075923164,25.67122459411621,34311545,0.0,0.0,ITUB4.SA
2025-02-13,25.686464515984067,25.831241054403137,25.56454699766638,25.808382034301758,15168830,0.0,0.0,ITUB4.SA
2025-02-14,25.98363798134407,26.593223917289848,25.94553741951456,26.494165420532227,33546090,0.0,0.0,ITUB4.SA
2025-02-17,26.577984216068653,26.898017081778253,26.547504425048828,26.547504425048828,20231641,0.0,0.0,ITUB4.SA
2025-02-18,26.590905798044936,26.62283771036825,26.23167782231654,26.503095626831055,34668327,1.398385,0.0,ITUB4.SA
2025-02-19,26.383354523086748,26.40730259722606,26.14386860634265,26.25562858581543,25496918,0.0,0.0,ITUB4.SA
2025-02-20,26.2556267950324,26.375370607795737,26.064038764751313,26.18378257751465,17946380,0.0,0.0,ITUB4.SA
2025-02-21,26.15983621579867,26.19176813341184,25.976230277198606,26.10395622253418,34362303,0.0,0.0,ITUB4.SA
2025-02-24,26.23966417104473,26.31949396473183,25.80060806879261,25.960264205932617,29019415,0.0,0.0,ITUB4.SA
2025-02-25,26.16781005736591,26.455193774768333,26.048067991859273,26.223690032958984,29667378,0.0,0.0,ITUB4.SA
2025-02-26,26.46317806436239,26.487127859525636,26.143864138313855,26.15983009338379,24486962,0.0,0.0,ITUB4.SA
2025-02-27,26.31949499836005,26.43923710591761,26.135889053344727,26.135889053344727,23485390,0.0,0.0,ITUB4.SA
2025-02-28,26.135883019524318,26.271591055116293,25.49725341796875,25.49725341796875,40016653,0.0,0.0,ITUB4.SA
2025-03-05,25.886759084497346,26.01455564986342,25.559280277867348,25.87877082824707,29404182,0.015578,0.0,ITUB4.SA
2025-03-06,25.8787705112932,26.14235189504738,25.72701263117683,25.926694869995117,21081617,0.0,0.0,ITUB4.SA
2025-03-07,25.862788495513772,26.294102425051104,25.758955003124374,26.038509368896484,23391804,0.0,0.0,ITUB4.SA
2025-03-10,25.918707196769642,26.2701473236084,25.766949313240143,26.2701473236084,31361893,0.0,0.0,ITUB4.SA
2025-03-11,26.318063734668595,26.318063734668595,25.886751531201682,26.038509368896484,21005253,0.0,0.0,ITUB4.SA
2025-03-12,26.13436391604205,26.19826306165557,25.88675904196698,26.118389129638672,20300754,0.0,0.0,ITUB4.SA
2025-03-13,26.118386058585163,26.621584003805413,26.07046343108079,26.541711807250977,32681045,0.0,0.0,ITUB4.SA
2025-03-14,26.677495614342412,27.596032804058076,26.62158473001497,27.404338836669922,35848233,0.0,0.0,ITUB4.SA
2025-03-17,27.388362760349082,28.314886435824214,27.356413191933886,28.227025985717773,30713817,0.0,0.0,ITUB4.SA
2025-03-18,28.387575421536315,28.633581956077194,28.246999026033713,28.378787994384766,30775164,0.0,1.1,ITUB4.SA
2025-03-19,28.55450755893526,28.651153718356227,28.326070711375465,28.44907569885254,25414117,0.0,0.0,ITUB4.SA
2025-03-20,28.40514479217675,28.59843538033898,27.983417361901605,28.185495376586914,32136515,0.0,0.0,ITUB4.SA
2025-03-21,28.21184949439154,28.378782963542886,28.0976319484496,28.246994018554688,49041184,0.0,0.0,ITUB4.SA
2025-03-24,28.185500551980077,28.396362579765107,28.062495544849895,28.273359298706055,32838563,0.0,0.0,ITUB4.SA
2025-03-25,28.37878601560167,28.949877258871894,28.37878601560167,28.50179100036621,19574017,0.0,0.0,ITUB4.SA
2025-03-26,28.59843280263462,28.64236302700712,28.080059261966273,28.194276809692383,32860090,0.0,0.0,ITUB4.SA
2025-03-27,28.24699283263105,28.290921328402398,28.080057644417693,28.229419708251953,29373952,0.0,0.0,ITUB4.SA
2025-03-28,28.097637980624054,28.238212655314822,27.649551674110857,27.842844009399414,22939851,0.0,0.0,ITUB4.SA
2025-03-31,27.76376384053915,27.76376384053915,27.315677621242994,27.596830368041992,26139340,0.0,0.0,ITUB4.SA
2025-04-01,27.594765039429337,27.840911591610126,27.401364053641487,27.60355567932129,12749134,0.017136,0.0,ITUB4.SA
2025-04-02,27.577184269259696,27.796958905825974,27.410156927102342,27.612348556518555,12147820,0.0,0.0,ITUB4.SA
2025-04-03,27.38378241312354,28.306830676361002,27.331036847425434,28.104639053344727,32876673,0.0,0.0,ITUB4.SA
2025-04-04,27.761796279823837,27.902449983193403,27.172802636438806,27.3749942779541,32585286,0.0,0.0,ITUB4.SA
2025-04-07,27.164010353027404,27.79695888807634,26.847535221982305,27.427738189697266,33261069,0.0,0.0,ITUB4.SA
2025-04-08,27.72663450192269,27.928826161752383,27.243131955790147,27.436532974243164,37102660,0.0,0.0,ITUB4.SA
2025-04-09,27.251920159439422,28.438696285877214,27.093683457717134,27.937612533569336,37906369,0.0,0.0,ITUB4.SA
2025-04-10,27.83212438120951,28.166180827554914,27.366204866154135,27.823333740234375,36347258,0.0,0.0,ITUB4.SA
2025-04-11,27.920028612716518,28.24529262542959,27.638717796012426,27.9639835357666,28350853,0.0,0.0,ITUB4.SA
2025-04-14,28.271667911664114,28.588141303551346,28.10463884896707,28.421113967895508,27027200,0.0,0.0,ITUB4.SA
2025-04-15,28.385949227298074,28.825496749239033,28.306830017073057,28.78154182434082,25716216,0.0,0.0,ITUB4.SA
2025-04-16,28.658467764664348,28.939778593937024,28.570559641677665,28.737586975097656,32431301,0.0,0.0,ITUB4.SA
2025-04-17,28.63209799583084,28.860663277657732,28.4474876423184,28.790334701538086,20502356,0.0,0.0,ITUB4.SA
2025-04-22,28.74638013510807,29.484819831412644,28.67605328514439,29.352956771850586,21624747,0.0,0.0,ITUB4.SA
2025-04-23,29.61667577802158,30.038640230544285,29.493603388382763,29.96831512451172,28074813,0.0,0.0,ITUB4.SA
2025-04-24,30.021065717991945,30.601268697975364,29.950737142032033,30.548524856567383,27701953,0.0,0.0,ITUB4.SA
2025-04-25,30.548517917046354,30.74191541235862,30.3287415988572,30.434232711791992,32716096,0.0,0.0,ITUB4.SA
2025-04-28,30.42545375006713,30.829837080522807,30.30238131342478,30.759511947631836,15664343,0.0,0.0,ITUB4.SA
2025-04-29,30.768297283257375,31.137514529512988,30.63643077366086,31.005651473999023,25215842,0.0,0.0,ITUB4.SA
2025-04-30,30.8122541037935,31.366085219369058,30.79467282153706,31.278175354003906,32424606,0.0,0.0,ITUB4.SA
2025-05-02,31.152970531416095,31.38165099195897,30.563688012386113,31.196949005126953,39184393,0.017136,0.0,ITUB4.SA
2025-05-05,31.003450289121833,31.126583788224117,30.56368631127215,30.642841339111328,28440154,0.0,0.0,ITUB4.SA
2025-05-06,30.625251092072673,30.678024566013985,30.27344060371912,30.484527587890625,17773062,0.0,0.0,ITUB4.SA
2025-05-07,30.71320117901878,30.906698135727446,30.54608922846226,30.818744659423828,13799837,0.0,0.0,ITUB4.SA
2025-05-08,31.311280845008053,31.6630912808504,30.906696943101366,31.065013885498047,34181683,0.0,0.0,ITUB4.SA
2025-05-09,32.01490193505319,32.762501195491566,31.47838960593378,32.744911193847656,59744738,0.0,0.0,ITUB4.SA
2025-05-12,32.92961777247933,32.92961777247933,31.882977968917153,32.085269927978516,27701747,0.0,0.0,ITUB4.SA
2025-05-13,32.26118182235105,32.63938083272409,32.12045829690399,32.48106384277344,25374256,0.0,0.0,ITUB4.SA
2025-05-14,32.48985980800158,32.84167032250211,32.375521304393985,32.70094680786133,18405585,0.0,0.0,ITUB4.SA
2025-05-15,32.859254672025095,33.21986358390945,32.736121185941364,33.14070510864258,27141221,0.0,0.0,ITUB4.SA
2025-05-16,33.14071623269923,33.42216676378877,32.86806070672521,33.33421325683594,30524874,0.0,0.0,ITUB4.SA
2025-05-19,33.26384703037952,33.9410865592816,33.167098526250655,33.72999954223633,25052690,0.0,0.0,ITUB4.SA
2025-05-20,33.75638374562046,33.75638374562046,33.299029704926504,33.6860237121582,18517546,0.0,0.0,ITUB4.SA
2025-05-21,33.58925729416036,33.59805575035267,32.73611460933537,33.00876998901367,20822892,0.0,0.0,ITUB4.SA
2025-05-22,33.10552339207139,33.193476864964104,32.665756027607806,32.78009796142578,23576494,0.0,0.0,ITUB4.SA
2025-05-23,32.19081327645028,33.17588806152344,31.97972286039477,33.17588806152344,20729677,0.0,0.0,ITUB4.SA
2025-05-26,33.08792939808321,33.642035231612866,33.01756938554328,33.246246337890625,6695412,0.0,0.0,ITUB4.SA
2025-05-27,33.68601590222103,33.9674628824126,33.30781698685567,33.510108947753906,15157789,0.0,0.0,ITUB4.SA
2025-05-28,33.49251888984195,33.55408390474931,33.158294985730244,33.23745346069336,14984646,0.0,0.0,ITUB4.SA
2025-05-29,33.12312847725601,33.386985560278355,32.85047293272153,32.973609924316406,18040759,0.0,0.0,ITUB4.SA
2025-05-30,33.09673676323593,33.17589525444467,32.6217892717807,32.92082977294922,32129614,0.0,0.0,ITUB4.SA
2025-06-02,33.14753390147564,33.22672970497942,32.58436758481111,32.689964294433594,23768074,0.017136,0.0,ITUB4.SA
2025-06-03,32.56678279708603,32.6899778569484,32.36439535829045,32.584381103515625,24216330,0.0,0.0,ITUB4.SA
2025-06-04,32.707567745594865,32.81316101442405,32.267592910951045,32.50518035888672,17784701,0.0,0.0,ITUB4.SA
2025-06-05,32.55797771526716,32.55797771526716,32.01241302815553,32.10920715332031,25542146,0.0,0.0,ITUB4.SA
2025-06-06,32.09161030055387,32.33799695566637,31.942021242836713,32.18840789794922,18733537,0.0,0.0,ITUB4.SA
2025-06-09,32.091618216615615,32.232411613531646,31.563651621751344,32.02122497558594,24664895,0.0,0.0,ITUB4.SA
2025-06-10,32.41562086095492,32.486669846795905,31.944927000138097,31.971569061279297,20974508,0.324369,0.0,ITUB4.SA
2025-06-11,31.944929396729105,32.495549482278456,31.740666600393336,32.264644622802734,16665400,0.0,0.0,ITUB4.SA
2025-06-12,32.051503860521606,32.70869923336832,32.02486179511924,32.5133171081543,22525482,0.0,0.0,ITUB4.SA
2025-06-13,32.12254333496094,32.28240265891466,31.891638524329103,32.12254333496094,14821597,0.0,0.0,ITUB4.SA
2025-06-16,32.4422633744872,33.05505172606656,32.43338268731629,32.70869445800781,17874002,0.0,0.0,ITUB4.SA
2025-06-17,32.8507803945394,32.93959073260478,32.655398348688294,32.90406799316406,20133513,0.0,0.0,ITUB4.SA
2025-06-18,32.797501329716845,32.930718616209404,32.60212272249247,32.70869445800781,20285232,0.0,0.0,ITUB4.SA
2025-06-20,32.43338340129876,32.56659720125936,32.31793097607096,32.539955139160156,21841974,0.0,0.0,ITUB4.SA
2025-06-23,32.53995156849008,32.53995156849008,32.104783977429854,32.468902587890625,14711387,0.0,0.0,ITUB4.SA
2025-06-24,32.61100515355431,33.3747687173462,32.48667203704837,33.081695556640625,20742037,0.0,0.0,ITUB4.SA
2025-06-25,32.948477285892835,32.98400003166047,32.36233104394147,32.48666763305664,20384627,0.0,0.0,ITUB4.SA
2025-06-26,32.53107202051558,32.67316649722285,32.14918853444287,32.24687957763672,23717707,0.0,0.0,ITUB4.SA
2025-06-27,31.971568105205666,32.29128329773271,31.91828398451667,32.21135711669922,14240265,0.0,0.0,ITUB4.SA
2025-06-30,32.10477880303064,32.824138711083634,31.90051607000987,32.81525802612305,30712643,0.0,0.0,ITUB4.SA
2025-07-01,32.81317875409901,33.02642760026294,32.7065595677158,32.964229583740234,18712010,0.017136,0.0,ITUB4.SA
2025-07-02,32.9642284127971,33.12416416895574,32.475539703570554,32.697669982910156,20331479,0.0,0.0,ITUB4.SA
2025-07-03,32.733212100199985,33.58619346132614,32.733212100199985,33.5062255859375,13945170,0.0,0.0,ITUB4.SA
2025-07-04,33.497332028517945,33.75500545149895,33.390709385833375,33.52398681640625,7528785,0.0,0.0,ITUB4.SA
2025-07-07,33.532876033373604,33.56841575140222,33.00864773679433,33.07972717285156,13885121,0.0,0.0,ITUB4.SA
2025-07-08,33.01752953327931,33.15969538919858,32.78651438132483,32.999759674072266,21526588,0.0,0.0,ITUB4.SA
2025-07-09,32.946456229650074,32.95534116090758,32.217867428609495,32.31560516357422,16093132,0.0,0.0,ITUB4.SA
2025-07-10,31.897993494286123,31.897993494286123,31.311570620570855,31.32045555114746,39571879,0.0,0.0,ITUB4.SA
2025-07-11,31.231604869599924,31.276029525491882,30.858423795579093,31.06278419494629,43139284,0.0,0.0,ITUB4.SA
2025-07-14,31.036128593500496,31.124981394103553,30.662947529194053,31.00947380065918,26665052,0.0,0.0,ITUB4.SA
2025-07-15,31.00947003234443,31.293798261495848,30.822879522865954,31.116092681884766,27356285,0.0,0.0,ITUB4.SA
2025-07-16,31.178282529977167,31.36486949953762,30.99169206928605,31.267131805419922,27655294,0.0,0.0,ITUB4.SA
2025-07-17,31.28491083131354,31.844678823880294,31.26713748186763,31.738056182861328,25587775,0.0,0.0,ITUB4.SA
2025-07-18,31.471497825349697,31.73805617338316,31.089435398305753,31.16051483154297,32227155,0.0,0.0,ITUB4.SA
2025-07-21,31.14275241098695,31.61367122430849,31.10721268588047,31.524818420410156,12354541,0.0,0.0,ITUB4.SA
2025-07-22,31.542576555815884,31.75582180943704,31.045003133656248,31.098316192626953,23330324,0.0,0.0,ITUB4.SA
2025-07-23,31.062775486796962,31.56923387764504,30.973926199921085,31.444841384887695,13271962,0.0,0.0,ITUB4.SA
2025-07-24,31.33822665543137,31.33822665543137,30.96504559188308,31.151636123657227,11460089,0.0,0.0,ITUB4.SA
2025-07-25,31.12497829334498,31.533699040721924,31.12497829334498,31.284914016723633,18518061,0.0,0.0,ITUB4.SA
2025-07-28,31.34711480576415,31.382658024262717,30.343082596345116,30.627410888671875,17849385,0.0,0.0,ITUB4.SA
2025-07-29,30.60074676437892,30.973927752487743,30.538548769317018,30.80510711669922,16655821,0.0,0.0,ITUB4.SA
2025-07-30,30.66294134322595,31.32933546774396,30.485239269001603,31.16051483154297,19531787,0.0,0.0,ITUB4.SA
2025-07-31,30.813999296455812,31.29380303819048,30.778456080429322,31.240489959716797,22001830,0.0,0.0,ITUB4.SA
2025-08-01,31.6473203221444,31.78955408035495,30.882804702940323,31.05171012878418,16498643,0.017136,0.0,ITUB4.SA
2025-08-04,31.505091222455395,31.611767441935143,31.140615594601933,31.38063621520996,17430072,0.0,0.0,ITUB4.SA
2025-08-05,31.309523277323287,31.940691244934293,31.16728597937222,31.727338790893555,49690805,0.0,0.0,ITUB4.SA
2025-08-06,32.260720971270956,33.0252368670928,32.09181548431358,32.127376556396484,41157358,0.0,0.0,ITUB4.SA
2025-08-07,32.21626695028805,32.90077115741639,32.10069785740566,32.69630813598633,26887326,0.0,0.0,ITUB4.SA
2025-08-08,32.70520754842854,33.02523976078626,32.669649966116026,32.91856002807617,18329262,0.0,0.0,ITUB4.SA
2025-08-11,32.72297185344616,33.22079170384864,32.66074262570367,33.12300491333008,22695226,0.0,0.0,ITUB4.SA
2025-08-12,33.300816460645635,34.0208819191874,33.23858720160677,33.80752944946289,27812781,0.0,0.0,ITUB4.SA
2025-08-13,33.70973341191555,33.887528252469245,33.46971282218768,33.487491607666016,22618491,0.0,0.0,ITUB4.SA
2025-08-14,33.20302972852527,33.78086137341823,33.140803962170914,33.443050384521484,26818728,0.0,0.0,ITUB4.SA
2025-08-15,33.32748031616211,33.62972666658799,33.20302182729816,33.32748031616211,19527976,0.0,0.0,ITUB4.SA
2025-08-18,33.425256195380356,33.834182157435954,33.34525167549649,33.5674934387207,21658634,0.0,0.0,ITUB4.SA
2025-08-19,33.13072344242414,33.13970274486895,32.21516611482518,32.592159271240234,40817973,0.352816,0.0,ITUB4.SA
2025-08-20,32.556252773786284,32.78962996915804,32.358778677140336,32.610107421875,16894884,0.0,0.0,ITUB4.SA
2025-08-21,32.358776005962525,32.69986599618215,32.304917835492745,32.64601135253906,16147619,0.0,0.0,ITUB4.SA
2025-08-22,32.76269690470284,33.588496245322666,32.66395987367976,33.56156539916992,32623087,0.0,0.0,ITUB4.SA
2025-08-25,33.64235426920149,33.732115536147916,33.31024005027844,33.39102554321289,11064054,0.0,0.0,ITUB4.SA
2025-08-26,33.435910111160965,33.4718167401545,32.80758466228839,33.166629791259766,22088247,0.0,0.0,ITUB4.SA
2025-08-27,33.031985146797766,33.74109608181264,32.89734499075074,33.72314453125,12612968,0.0,0.0,ITUB4.SA
2025-08-28,33.96550017367199,34.75539306597102,33.85778734622998,34.42327880859375,25167947,0.0,0.0,ITUB4.SA
2025-08-29,34.5309872034226,34.692554660432236,34.39634706811012,34.5489387512207,32600942,0.0,0.0,ITUB4.SA
2025-09-01,34.65458939546589,35.08563828894437,34.564786954583795,34.82521438598633,14863209,0.017136,0.0,ITUB4.SA
2025-09-02,34.25946454908193,34.55581158423019,34.08883953623886,34.23252487182617,24358676,0.0,0.0,ITUB4.SA
2025-09-03,34.23252716978754,34.385188879596356,33.79249829795866,33.936180114746094,20686108,0.0,0.0,ITUB4.SA
2025-09-04,33.92719907794904,34.43907060513769,33.68473491765524,34.07088088989258,15877244,0.0,0.0,ITUB4.SA
2025-09-05,34.41212425932731,34.86113292204089,34.20557970992796,34.44804382324219,15664343,0.0,0.0,ITUB4.SA
2025-09-08,34.448049061343376,34.49295205150923,33.918217770811836,34.286407470703125,11800195,0.0,0.0,ITUB4.SA
2025-09-09,34.4570312605636,34.4570312605636,33.94515972045097,33.99006271362305,19497179,0.0,0.0,ITUB4.SA
2025-09-10,33.99903469460704,34.43906346031176,33.94515182102873,34.01699447631836,14517129,0.0,0.0,ITUB4.SA
2025-09-11,34.169659604893845,34.789293307264145,34.07986068725586,34.07986068725586,18078972,0.0,0.0,ITUB4.SA
2025-09-12,33.873316255895226,33.90923582309474,33.46022359087727,33.567989349365234,22589754,0.0,0.0,ITUB4.SA
2025-09-15,33.68473086995367,34.286404780474214,33.5949284251131,34.124759674072266,14196181,0.0,0.0,ITUB4.SA
2025-09-16,34.29538564908907,34.34926853444992,33.828417108705565,34.03496170043945,19993536,0.0,0.0,ITUB4.SA
2025-09-17,34.061905233104966,34.86114401201892,33.99904597625723,34.5198974609375,25226348,0.0,0.0,ITUB4.SA
2025-09-18,34.519885549977545,34.61866787652789,34.26843802401109,34.56478500366211,15433005,0.0,0.0,ITUB4.SA
2025-09-19,34.573776669473894,35.022789001464844,34.52887720049755,35.022789001464844,26702853,0.0,0.0,ITUB4.SA
2025-09-22,34.78032143905488,34.897063587360485,34.376212102680206,34.5198974609375,18325039,0.0,0.0,ITUB4.SA
2025-09-23,34.546836513089545,35.23831302493637,34.546836513089545,35.06768798828125,16930110,0.0,0.0,ITUB4.SA
2025-09-24,35.07666214441621,35.14850481048467,34.76235533197842,34.834197998046875,18713452,0.0,0.0,ITUB4.SA
2025-09-25,34.852163728985744,35.04074855431405,34.54683675665551,34.555816650390625,15146768,0.0,0.0,ITUB4.SA
2025-09-26,34.609694485043406,34.89705809947638,34.56479149448234,34.726436614990234,12786935,0.0,0.0,ITUB4.SA
2025-09-29,35.09463276344493,35.346080408090494,34.89706801709696,34.92401123046875,19124422,0.0,0.0,ITUB4.SA
2025-09-30,35.3819869640513,35.47178940919415,34.77133315983562,35.08563995361328,33263438,0.0,0.0,ITUB4.SA
2025-10-01,35.27219951927935,35.40696230319966,34.40971205412628,34.45463180541992,25519177,0.017136,0.0,ITUB4.SA
2025-10-02,34.51752496375746,34.7690862012512,34.04136140392566,34.07729721069336,17094601,0.0,0.0,ITUB4.SA
2025-10-03,34.05933207380199,34.328861236572266,33.888633447750365,34.328861236572266,17766985,0.0,0.0,ITUB4.SA
2025-10-06,34.31987198831183,34.3647917434886,33.93354797363281,33.93354797363281,14832309,0.0,0.0,ITUB4.SA
2025-10-07,33.88863580011409,33.89761622311887,33.21481461143553,33.394500732421875,20705472,0.0,0.0,ITUB4.SA
2025-10-08,33.46636233780688,33.64604840499979,33.286679800653395,33.45737838745117,15395204,0.0,0.0,ITUB4.SA
2025-10-09,33.61910243612735,33.61910243612735,33.20582652729814,33.403480529785156,18067539,0.0,0.0,ITUB4.SA
2025-10-10,33.574176389595515,33.744878522283024,33.26871145901984,33.36753845214844,23250808,0.0,0.0,ITUB4.SA
2025-10-13,33.49332012614704,33.71792596126135,33.49332012614704,33.50230407714844,8194989,0.0,0.0,ITUB4.SA
2025-10-14,33.41246351079937,33.996441549363354,33.41246351079937,33.646053314208984,21154861,0.0,0.0,ITUB4.SA
2025-10-15,33.52925841250418,33.87065916595207,33.29566860909456,33.646053314208984,21972166,0.0,0.0,ITUB4.SA
2025-10-16,33.52925737071998,33.96050115747396,33.33160338011776,33.56519317626953,15847580,0.0,0.0,ITUB4.SA
2025-10-17,33.376526640104736,33.79878294509004,33.25074426070334,33.68199157714844,17469315,0.0,0.0,ITUB4.SA
2025-10-20,33.79878826054783,34.454641524720216,33.76285244937579,34.283939361572266,19114019,0.0,0.0,ITUB4.SA
2025-10-21,34.28393932957663,34.3468305291094,33.93355458085511,33.960506439208984,14013871,0.0,0.0,ITUB4.SA
2025-10-22,34.07729548950856,34.239013671875,33.906596885943735,34.239013671875,13890374,0.0,0.0,ITUB4.SA
2025-10-23,34.36479737305134,34.445656475655376,34.032380540168376,34.212066650390625,11432588,0.0,0.0,ITUB4.SA
2025-10-24,34.48158986650083,34.607372252855846,34.12222120130944,34.16714096069336,10169911,0.0,0.0,ITUB4.SA
2025-10-27,34.427679954643736,34.68822157222564,34.31088154120148,34.45463180541992,11194349,0.0,0.0,ITUB4.SA
2025-10-28,34.35580831807208,34.57143020629883,34.310885032168315,34.57143020629883,10478499,0.0,0.0,ITUB4.SA
2025-10-29,34.6343249528134,35.49681259433076,34.6343249528134,35.34408187866211,27235466,0.0,0.0,ITUB4.SA
2025-10-30,35.28118828599448,35.649540887006644,35.05658243878513,35.299156188964844,18657008,0.0,0.0,ITUB4.SA
2025-10-31,35.43392562866211,35.60462425188971,35.326111141305475,35.43392562866211,16449821,0.0,0.0,ITUB4.SA
2025-11-03,35.86324119940713,36.06997162086083,35.548651581178454,36.025028228759766,17968144,0.017136,0.0,ITUB4.SA
2025-11-04,35.998070587556356,36.105929803133066,35.782352156402936,35.91717529296875,20386481,0.0,0.0,ITUB4.SA
2025-11-05,35.917181792870416,36.0969483619039,35.323954234032485,36.069984436035156,36312135,0.0,0.0,ITUB4.SA
2025-11-06,36.034029003255895,36.66320846325215,35.962125200939255,36.069984436035156,23226500,0.0,0.0,ITUB4.SA
2025-11-07,36.069982244092856,36.13289806729657,35.74640102684796,36.105934143066406,12706904,0.0,0.0,ITUB4.SA
2025-11-10,36.26771844090139,36.420521063071305,36.150871246570524,36.34861373901367,16552409,0.0,0.0,ITUB4.SA
2025-11-11,36.49242586500131,37.184521009098596,36.34861122682561,37.04969787597656,37289193,0.0,0.0,ITUB4.SA
2025-11-12,37.04970130059994,37.16654849765563,36.069980321212704,36.204803466796875,36789128,0.0,0.0,ITUB4.SA
2025-11-13,36.36658968712297,36.896897814449424,36.11491935035193,36.34861373901367,33686974,0.0,0.0,ITUB4.SA
2025-11-14,36.33064102997594,36.564335439472785,36.141886494758964,36.492431640625,17006742,0.0,0.0,ITUB4.SA
2025-11-17,36.492428134949876,36.58231140649567,36.12390707477417,36.2227783203125,43985120,0.0,0.0,ITUB4.SA
2025-11-18,35.90818757414727,36.26771711808112,35.86324770551316,36.04301071166992,17147337,0.0,0.0,ITUB4.SA
2025-11-19,35.99807251536663,36.132895659152645,35.71943472202974,35.81830596923828,25766686,0.0,0.0,ITUB4.SA
2025-11-21,35.818303505791796,35.98009409250407,35.54865723676501,35.92616271972656,16502454,0.0,0.0,ITUB4.SA
2025-11-24,35.88122314187583,36.10592954508632,35.70145660665933,35.79133987426758,29014997,0.0,0.0,ITUB4.SA
2025-11-25,35.953129928313345,36.15087242721452,35.710447557671245,35.87223815917969,30345963,0.0,0.0,ITUB4.SA
2025-11-26,36.043013578582034,36.77106422970707,35.926166379218834,36.71713638305664,22251296,0.0,0.0,ITUB4.SA
2025-11-27,36.54635346808573,36.744095945577016,36.474449681085396,36.59129333496094,9469408,0.0,0.0,ITUB4.SA
2025-11-28,37.09463476385677,37.66988262073054,37.03171542924607,37.42720031738281,45311657,0.0,0.0,ITUB4.SA
2025-12-01,37.50602196604874,37.54199263981508,37.00246433138145,37.13734817504883,15912985,0.017136,0.0,ITUB4.SA
2025-12-02,37.28122206060388,37.964622497558594,37.2632384894163,37.964622497558594,21175667,0.0,0.0,ITUB4.SA
2025-12-03,38.03656031542701,38.18043241804574,37.6948583303906,37.964622497558594,23159653,0.0,0.0,ITUB4.SA
2025-12-04,38.09050665673567,38.89979553222656,38.08151487217401,38.89979553222656,23199514,0.0,0.0,ITUB4.SA
2025-12-05,38.94476304718084,39.025692659208474,37.002470024109954,37.101383209228516,39832160,0.0,0.0,ITUB4.SA
2025-12-08,37.72182721873785,37.83872394453009,37.065405784243936,37.28121566772461,40458400,0.0,0.0,ITUB4.SA
2025-12-09,37.20029067993164,37.31719095330231,36.62479876383222,37.20029067993164,24725047,0.0,0.0,ITUB4.SA
2025-12-10,37.26490140884329,37.68318151665483,36.97020711621214,37.49305725097656,25643189,2.172789,0.0,ITUB4.SA
2025-12-11,37.45503254689749,37.797260735995984,37.28391658475938,37.46453857421875,21275268,0.0,0.0,ITUB4.SA
2025-12-12,37.740224121177704,38.08245230618752,37.40750196337557,37.79726028442383,17595593,0.0,0.0,ITUB4.SA
2025-12-15,38.196525501720814,38.57678150220596,37.930349289523136,38.36764144897461,17767809,0.0,0.0,ITUB4.SA
2025-12-16,38.17751876202818,38.22504890111505,37.37898254394531,37.37898254394531,20379168,0.0,0.0,ITUB4.SA
2025-12-17,37.16984666728632,37.39799880814714,36.83712448393279,37.046260833740234,31625017,0.0,0.0,ITUB4.SA
2025-12-18,36.90366697414617,37.32194714745667,36.90366697414617,37.23638916015625,21898830,0.0,0.0,ITUB4.SA
2025-12-19,37.40750865511859,38.025419210043324,37.255404722230686,37.57862091064453,35446214,0.0,0.0,ITUB4.SA
2025-12-22,37.52157878186503,37.75923693720622,37.350462818319826,37.654666900634766,15858704,0.0,0.0,ITUB4.SA
2025-12-23,37.83529078484585,38.35813725868845,37.778250882417275,38.2725830078125,10490138,0.0,0.0,ITUB4.SA
2025-12-26,38.20661220275781,38.40244386601355,37.90307293795251,38.284942626953125,12196300,0.0,1.03,ITUB4.SA
2025-12-29,38.363273970660046,38.45139802589836,38.04994482651893,38.167442321777344,10657000,0.0,0.0,ITUB4.SA
2025-12-30,38.412227630615234,38.84305423279521,38.333897218936016,38.412227630615234,13764900,0.0,0.0,ITUB4.SA
2026-01-02,38.82188474377108,38.95902933177622,38.3516731262207,38.3516731262207,18846800,0.018182,0.0,ITUB4.SA
2026-01-05,38.43984159214851,39.321487055229696,38.26351175215025,38.91005325317383,24438700,0.0,0.0,ITUB4.SA
2026-01-06,39.27250319140159,39.65454989173377,39.1451530456543,39.1451530456543,21959800,0.0,0.0,ITUB4.SA
2026-01-07,39.086378426827515,39.164745159187504,38.39085359124322,38.51820373535156,20894500,0.0,0.0,ITUB4.SA
2026-01-08,38.547597457603274,39.272509476043346,38.43004547028418,39.11577224731445,17209400,0.0,0.0,ITUB4.SA
2026-01-09,39.1157659474925,39.468425589562194,38.95902874400704,39.03739547729492,17023600,0.0,0.0,ITUB4.SA
2026-01-12,39.037397900931595,39.096175757229,38.68474197387695,38.68474197387695,10672200,0.0,0.0,ITUB4.SA
2026-01-13,38.66515481212894,38.763114182873544,38.37126922607422,38.37126922607422,17397400,0.0,0.0,ITUB4.SA
2026-01-14,38.66515691542036,38.851281224724005,38.42025473832631,38.792503356933594,21222100,0.0,0.0,ITUB4.SA
2026-01-15,38.988423775907286,39.39986135477363,38.851279161921994,39.12556838989258,19093500,0.0,0.0,ITUB4.SA
2026-01-16,39.15495921391773,39.27251120641624,38.65535670620573,38.80229949951172,19742500,0.0,0.0,ITUB4.SA
2026-01-19,38.91005040106646,39.05698943235431,38.723922396428094,38.74351501464844,7190900,0.0,0.0,ITUB4.SA
2026-01-20,38.54759194430051,39.27250385905943,38.27330276748297,39.1059684753418,20693900,0.0,0.0,ITUB4.SA
2026-01-21,39.44882871930101,40.91824124491084,39.41944166459979,40.82027816772461,39510800,0.0,0.0,ITUB4.SA
2026-01-22,41.10437010492647,42.68154032420651,41.04559598891982,42.201534271240234,42959700,0.0,0.0,ITUB4.SA
2026-01-23,42.309289171797005,43.01460847764058,42.162350141019466,42.681541442871094,41025100,0.0,0.0,ITUB4.SA
2026-01-26,42.622765119733465,43.43584198617142,42.397455608251974,43.249717712402344,25371700,0.0,0.0,ITUB4.SA
2026-01-27,43.866869255823026,45.130565170158164,43.77870433768546,44.39585876464844,40280000,0.0,0.0,ITUB4.SA
2026-01-28,44.709330986297694,45.47342441440588,44.699536545615985,45.395057678222656,36337500,0.0,0.0,ITUB4.SA
2026-01-29,45.72812224626515,46.0905763224777,44.719126749579836,45.20893096923828,36252700,0.0,0.0,ITUB4.SA
2026-01-30,45.15015852899971,45.43424590730881,44.06279243312771,44.57218933105469,38117000,0.0,0.0,ITUB4.SA
2026-02-02,44.87420599888382,45.17800364084389,44.52140536063002,44.962406158447266,28095400,0.018182,0.0,ITUB4.SA
2026-02-03,45.37400108972358,46.04040141578149,44.972201222988964,45.217201232910156,48570600,0.0,0.0,ITUB4.SA
2026-02-04,44.982010520856925,45.06040859261751,43.16900791404179,43.72760772705078,48683500,0.0,0.0,ITUB4.SA
2026-02-05,44.335208848239446,44.96240835199885,43.84520876862691,44.6096076965332,36014400,0.0,0.0,ITUB4.SA
2026-02-06,44.67820253036418,46.00120110550328,44.207802953905755,45.81500244140625,38175900,0.0,0.0,ITUB4.SA
2026-02-09,46.05999829282235,47.431999737331516,45.80519994716371,47.34379959106445,41656900,0.0,0.0,ITUB4.SA
2026-02-10,47.343802259272714,48.20619958426135,47.226199565353305,47.45159912109375,43939300,0.0,0.0,ITUB4.SA
2026-02-11,47.82400294756104,48.67660196668632,47.628002184735884,48.38260269165039,45819200,0.0,0.0,ITUB4.SA
2026-02-12,48.06900522559406,48.11800448400227,46.912604782822186,47.27520751953125,42023800,0.0,0.0,ITUB4.SA
2026-02-13,47.10860499827005,47.10860499827005,45.66800363998599,46.814605712890625,32353500,0.0,0.0,ITUB4.SA
2026-02-18,47.108606655250135,47.45160521052334,46.569607323362,47.030208587646484,23368500,0.0,0.0,ITUB4.SA
2026-02-19,47.13800160369711,48.18660137356438,46.97140338717781,47.579002380371094,32026400,0.0,0.0,ITUB4.SA
2026-02-20,47.08900290111638,48.30420464017647,47.05960409512741,48.24540328979492,31655900,0.0,0.0,ITUB4.SA
2026-02-23,47.82400576487964,47.91220592642666,46.34420720826162,46.501007080078125,34148200,0.0,0.0,ITUB4.SA
2026-02-24,46.68720513639807,47.38300432464559,46.30500568759743,47.20660400390625,38465900,0.0,0.0,ITUB4.SA
2026-02-25,47.37320493419932,47.530004800499874,46.12860435988707,46.834205627441406,28980200,0.0,0.0,ITUB4.SA
2026-02-26,46.83420885176131,47.187009509827185,46.216807700146035,46.71660614013672,26516600,0.0,0.0,ITUB4.SA
2026-02-27,46.648002075678036,46.66760252578691,45.3544022757215,45.84440231323242,44765800,0.0,0.0,ITUB4.SA
2026-03-02,44.93087328402332,45.421063895946645,44.68577797806166,45.01910400390625,47144000,0.018182,0.0,ITUB4.SA
2026-03-03,43.35245846084294,43.98970400574926,42.58775857115481,43.50931930541992,54352300,0.0,0.0,ITUB4.SA
2026-03-04,44.35244407653256,44.5975393596393,43.64656846443084,44.126953125,27146100,0.0,0.0,ITUB4.SA
2026-03-05,43.921072206911084,44.11714917343108,42.479914543681815,42.65637969970703,37085400,0.0,0.0,ITUB4.SA
2026-03-06,42.60736557336921,42.7348161750903,41.81325920384398,42.087764739990234,26063600,0.0,0.0,ITUB4.SA
2026-03-09,41.685808139781805,42.43089618956814,41.5191413947862,42.31325149536133,40970400,0.0,0.0,ITUB4.SA
2026-03-10,42.725011595332774,43.332846850975066,41.979919839513116,42.94069290161133,50383100,0.0,0.0,ITUB4.SA
2026-03-11,42.42109536165066,43.56813958103385,42.35246897621017,43.0289306640625,18482600,0.0,0.0,ITUB4.SA
2026-03-12,42.24462435811607,42.3720749561489,41.47012234370807,41.85247039794922,27095200,0.0,0.0,ITUB4.SA
2026-03-13,41.98972904518663,42.4995239836247,41.49953843988596,41.56816482543945,24896600,0.0,0.0,ITUB4.SA
2026-03-16,42.401486441146496,42.61717149956682,42.00933246944725,42.15639114379883,17777300,0.0,0.0,ITUB4.SA
2026-03-17,42.05835658522805,42.528939130451114,41.44071535843506,41.8720817565918,22436600,0.0,0.0,ITUB4.SA
2026-03-18,41.66620080682474,42.195607549936064,41.44071358065305,41.45051574707031,23872800,0.0,0.0,ITUB4.SA
2026-03-19,40.881896229571176,41.76423705360491,40.5583686428586,41.744632720947266,32908000,0.0,0.0,ITUB4.SA
2026-03-20,41.6249080796958,41.783064784629616,40.725391113368445,41.07135772705078,37660900,0.34888,0.0,ITUB4.SA
2026-03-23,42.04994871728114,42.64303533045114,41.57547867259459,42.28718185424805,27535500,0.0,0.0,ITUB4.SA
2026-03-24,42.010409532044086,42.31683975904295,41.47662930595038,42.049949645996094,18609000,0.0,0.0,ITUB4.SA
2026-03-25,42.652927398909206,42.99889400327799,42.35638028573233,42.60350036621094,35148900,0.0,0.0,ITUB4.SA
2026-03-26,42.19821976290942,42.34649330606783,41.45685958862305,41.45685958862305,18260900,0.0,0.0,ITUB4.SA
2026-03-27,41.32836482108371,41.32836482108371,40.70562114431905,40.972511291503906,27910700,0.0,0.0,ITUB4.SA
2026-03-30,41.5161707407207,41.57548091353564,40.75504049131714,41.12077713012695,18528100,0.0,0.0,ITUB4.SA
2026-03-31,41.80283569533608,43.13728268471692,41.66444904704513,42.9791259765625,33419700,0.0,0.0,ITUB4.SA
2026-04-01,43.35310322030138,43.78821512299555,43.016879186114394,43.34321594238281,26681100,0.018182,0.0,ITUB4.SA
2026-04-02,42.146658871409024,43.52122085111738,41.99832704308663,42.81910705566406,17811800,0.0,0.0,ITUB4.SA
2026-04-06,42.86854784394192,43.254219622794814,42.72021602653458,43.006996154785156,11004600,0.0,0.0,ITUB4.SA
2026-04-07,42.81909877507801,42.98721267479652,42.16642904861558,42.97732162475586,20302000,0.0,0.0,ITUB4.SA
2026-04-08,45.192446780273215,45.22211238671116,44.20355299415052,44.48044204711914,35777600,0.0,0.0,ITUB4.SA
2026-04-09,44.697999134866514,45.44955673984435,44.49033234863544,45.24188995361328,22162900,0.0,0.0,ITUB4.SA
2026-04-10,45.32100955487725,45.86490044909724,45.261674562436006,45.55834197998047,29705900,0.0,0.0,ITUB4.SA
2026-04-13,45.25177692626462,45.52866974503546,44.7375554892552,45.32100296020508,31011600,0.0,0.0,ITUB4.SA
2026-04-14,45.489113068515344,46.31978397979014,45.340777495229354,46.01322555541992,23343300,0.0,0.0,ITUB4.SA
2026-04-15,45.85500585302041,46.88345634185277,45.85500585302041,46.5175666809082,28907200,0.0,0.0,ITUB4.SA
2026-04-16,46.74501300309877,46.94279252866885,46.00334261145895,46.45823287963867,22566300,0.0,0.0,ITUB4.SA
2026-04-17,46.972457926048506,47.368016975410654,46.23078753774248,46.28023147583008,39165500,0.0,0.0,ITUB4.SA
2026-04-20,46.280227982586105,46.50767309848599,45.71655883180588,45.855003356933594,19194500,0.0,0.0,ITUB4.SA
2026-04-22,45.746227116631744,45.746227116631744,44.480444215825415,44.52988815307617,25440000,0.0,0.0,ITUB4.SA
2026-04-23,44.40133584132832,44.61888992543358,43.62999606502387,43.6893310546875,20444200,0.0,0.0,ITUB4.SA
2026-04-24,43.966220753403775,44.025555743910814,43.402551546744554,43.877220153808594,18234600,0.0,0.0,ITUB4.SA
2026-04-27,44.00578001624216,44.065115010258275,43.49155471842883,43.50144577026367,13718400,0.0,0.0,ITUB4.SA
2026-04-28,43.19488443446181,44.11455603302913,42.72021583073847,43.6102180480957,27131800,0.0,0.0,ITUB4.SA
2026-04-29,43.362990569898166,43.521213423169435,42.285096203134366,42.39387512207031,18628100,0.0,0.0,ITUB4.SA
2026-04-30,42.83888058841678,43.07621676840957,42.650992117989986,42.710323333740234,22735500,0.0,0.0,ITUB4.SA
2026-05-04,42.649171556779876,42.7876744076828,41.79836401675372,41.94676208496094,25336300,0.018182,0.0,ITUB4.SA
2026-05-05,42.04568827795434,42.2435510952227,41.66974930253639,42.0061149597168,29386700,0.0,0.0,ITUB4.SA
2026-05-06,42.77778145552067,42.82724621853856,41.095953095475586,41.3333854675293,38718400,0.0,0.0,ITUB4.SA
2026-05-07,41.34327600329639,41.422418860379985,40.08685154052191,40.353965759277344,36335300,0.0,0.0,ITUB4.SA
2026-05-08,40.72001349911417,41.10584392841455,40.541937335757154,40.81894302368164,35920000,0.0,0.0,ITUB4.SA
2026-05-11,40.512258985468165,40.670548488159966,39.681238152856324,39.898887634277344,41215600,0.0,0.0,ITUB4.SA
2026-05-12,39.85931418175817,39.89888750077857,39.34487235625123,39.44380187988281,43381700,0.0,0.0,ITUB4.SA
2026-05-13,39.50315982219154,40.136317798203635,38.949144706221354,39.20636749267578,48564700,0.0,0.0,ITUB4.SA
2026-05-14,39.720812060944496,40.215467235930504,39.56252255590575,39.9681396484375,34925200,0.0,0.0,ITUB4.SA
2026-05-15,39.35476619046375,39.62188044920369,39.15690713117756,39.2756233215332,46869600,0.0,0.0,ITUB4.SA
2026-05-18,39.245933107586616,39.42400924225616,38.87988939695203,39.196468353271484,22993100,0.0,0.0,ITUB4.SA
2026-05-19,38.63256604373481,38.998609794091244,38.28630895203538,38.36545181274414,41150400,0.0,0.0,ITUB4.SA
2026-05-20,38.80074696513737,39.552621051060974,38.68202702479242,39.245933532714844,38261500,0.0,0.0,ITUB4.SA
2026-05-21,39.008501286537104,40.017598138198046,38.83042514954289,39.691123962402344,40949800,0.0,0.0,ITUB4.SA
2026-05-22,39.58230093542401,39.611982808809145,38.88978678842169,39.00850296020508,21539700,0.0,0.0,ITUB4.SA
2026-05-25,39.43391046230297,40.05717702855485,39.43391046230297,39.88899230957031,11436200,0.0,0.0,ITUB4.SA
2026-05-26,39.79006058113919,39.92856341620539,39.22615402470149,39.631771087646484,23046600,0.0,0.0,ITUB4.SA
2026-05-27,40.1659979950514,40.38364747588336,39.859314207245745,39.88899230957031,21601400,0.0,0.0,ITUB4.SA
2026-05-28,39.88899341146534,40.01760481495694,39.295408705060254,39.57241439819336,20196600,0.0,0.0,ITUB4.SA
2026-05-29,39.44380334251344,39.73070425517089,39.117332883287716,39.61198806762695,80334400,0.0,0.0,ITUB4.SA
2026-06-01,39.639876365296345,39.649776076934735,38.84806933774298,38.95694351196289,32832400,0.018182,0.0,ITUB4.SA
2026-06-02,39.22418248209034,39.580496619196296,39.06582106289148,39.15489959716797,23121000,0.0,0.0,ITUB4.SA
2026-06-03,38.82827357084621,38.897556449567226,38.24431518188779,38.3234977722168,40844400,0.0,0.0,ITUB4.SA
2026-06-05,38.35318664744025,38.76888389041168,38.17502960741437,38.432369232177734,34727700,0.0,0.0,ITUB4.SA
2026-06-08,38.32349820412875,38.67981231335756,38.03646697440178,38.125545501708984,23153100,0.0,0.0,ITUB4.SA
2026-06-09,38.52144750416274,38.93714856083548,38.37298580763474,38.81837844848633,28212000,0.0,0.0,ITUB4.SA
2026-06-10,38.63032098930316,39.18458779640738,38.254215010986385,38.95694351196289,41470600,0.0,0.0,ITUB4.SA
2026-06-11,38.83817060659122,40.20403621495805,38.81837496037284,40.08526611328125,57558800,0.0,0.0,ITUB4.SA
2026-06-12,39.80813628156427,40.698917744827206,39.69926211062874,40.184242248535156,30651000,0.0,0.0,ITUB4.SA
2026-06-15,40.857283516824495,41.06513594522727,39.90711501076672,39.986297607421875,25132500,0.0,0.0,ITUB4.SA
2026-06-16,39.867516944144725,40.213935082248724,39.71905526407162,40.0357780456543,20052700,0.0,0.0,ITUB4.SA
2026-06-17,40.53066381123229,41.20370076476412,40.21394098317425,40.382198333740234,28205700,0.0,0.0,ITUB4.SA
2026-06-18,40.50097168445383,40.95626408982316,40.04568305471874,40.07537841796875,20051100,0.0,0.0,ITUB4.SA
2026-06-19,40.306946364973655,40.31693154345939,39.707732794395554,39.817588806152344,48413400,0.36188,0.0,ITUB4.SA
2026-06-22,40.10721118920933,40.96608136434061,40.047288685240986,40.88618469238281,25404800,0.0,0.0,ITUB4.SA
2026-06-23,40.46673446570442,41.32560455322369,40.33690429185828,40.996036529541016,21074900,0.0,0.0,ITUB4.SA
2026-06-24,40.756359600133116,41.425477105305205,40.756359600133116,40.9161491394043,22041600,0.0,0.0,ITUB4.SA
2026-06-25,41.245711641912685,42.05464829298978,41.16581878051906,41.64518737792969,20778400,0.0,0.0,ITUB4.SA
2026-06-26,41.45543121645318,42.484079817143254,41.345579017449076,42.18447494506836,23047700,0.0,0.0,ITUB4.SA
2026-06-29,42.18447715538454,42.55398972331529,41.98473929364151,42.354251861572266,21151300,0.0,0.0,ITUB4.SA
2026-06-30,42.03467564175474,42.46411074007721,41.585266374942485,42.12455749511719,40172400,0.0,0.0,ITUB4.SA
2026-07-01,41.66314488007637,42.76217113803032,41.43334861927966,42.402488708496094,26405300,0.018182,0.0,ITUB4.SA
2026-07-02,42.672254180287204,43.1218572556583,42.27260996654426,42.43246841430664,15005100,0.0,0.0,ITUB4.SA
2026-07-03,42.75218359444029,42.85209369103572,42.492411245170764,42.70222854614258,9878400,0.0,0.0,ITUB4.SA
2026-07-06,42.452450626503136,42.632288042910105,42.012837042566616,42.52238845825195,19170500,0.0,0.0,ITUB4.SA
2026-07-07,42.6322875912744,43.14183900156168,42.322564000046775,42.39250183105469,21184500,0.0,0.0,ITUB4.SA
2026-07-08,42.2925913277541,42.2925913277541,41.52327138271003,41.85297775268555,18564500,0.0,0.0,ITUB4.SA
2026-07-09,41.912922997704584,42.71221515053723,41.90292970192351,42.5523567199707,18657300,0.0,0.0,ITUB4.SA
2026-07-10,43.35164962997563,44.300810745497245,43.19179119661704,44.26084518432617,28815100,0.0,0.0,ITUB4.SA
2026-07-13,44.07101556733461,44.600545926207005,43.441571303082476,43.481536865234375,17749900,0.0,0.0,ITUB4.SA
2026-07-14,43.77128333415542,43.96111404545619,43.20178738892718,43.5914421081543,15398000,0.0,0.0,ITUB4.SA
2026-07-15,43.48153670688734,43.58144680057745,43.0119508816271,43.101871490478516,18975900,0.0,0.0,ITUB4.SA
2026-07-16,43.191793278773396,43.191793278773396,42.302580462141904,42.512393951416016,18156600,0.0,0.0,ITUB4.SA
2026-07-17,42.46243623155177,42.57233961749259,41.832991992006995,41.92291259765625,19576400,0.0,0.0,ITUB4.SA
2026-07-20,42.10275676163955,42.49241147633775,42.0627911982536,42.26261520385742,12612200,0.0,0.0,ITUB4.SA
2026-07-21,42.34254361633979,42.54236760913427,42.14271962354531,42.492408752441406,9834900,0.0,0.0,ITUB4.SA
2026-07-22,42.6422804623099,42.94201456525609,42.232642965640736,42.86208724975586,21986300,0.0,0.0,ITUB4.SA
2026-07-23,42.602315775396605,42.832112052760706,42.232643834534876,42.52238845825195,22570600,0.0,0.0,ITUB4.SA
2026-07-24,42.26261391650923,42.412482868978465,42.00284538506512,42.06278991699219,10443700,0.0,0.0,ITUB4.SA
2026-07-27,42.412481712234694,42.82211918497572,42.2925888403247,42.65226745605469,14920100,0.0,0.0,ITUB4.SA
2026-07-28,43.46155442058078,43.63140234405241,42.56234832183154,42.822120666503906,19096400,0.0,0.0,ITUB4.SA
2026-07-29,42.612307366745625,42.692234680691534,41.78303909301758,41.78303909301758,20532400,0.0,0.0,ITUB4.SA
2026-07-30,42.15271158089007,42.8121281278672,41.793032946351,42.70222854614258,12531700,0.0,0.0,ITUB4.SA
2026-07-31,43.21177518082679,43.26173022801924,42.85209274291992,42.85209274291992,10285400,0.0,0.0,ITUB4.SA
2026-08-03,43.33005252476469,43.4500000563804,42.810295139531576,43.1501350402832,17043500,0.018182,0.0,ITUB4.SA
2026-08-04,43.799837255906915,43.83981976623067,42.03065120997259,42.08062744140625,26508600,0.0,0.0,ITUB4.SA
2026-08-05,42.59039788134714,43.36004410043231,42.26054786762107,42.360504150390625,30166400,0.0,0.0,ITUB4.SA
2026-08-06,42.280537852943716,42.8802640927024,41.81075668334961,41.81075668334961,22055300,0.0,0.0,ITUB4.SA
2026-08-07,41.99066935423397,42.110616887075054,40.48136578893369,40.73125076293945,25577700,0.0,0.0,ITUB4.SA
2026-08-10,40.73125152182079,40.86119277834857,40.32144030933365,40.40140151977539,19652700,0.0,0.0,ITUB4.SA
2026-08-11,40.43138926544299,40.531341729148366,38.78214692370966,38.9820556640625,44710200,0.0,0.0,ITUB4.SA
2026-08-12,39.191959095789045,39.32190035217634,38.37233667170088,38.41231918334961,49492600,0.0,0.0,ITUB4.SA
2026-08-13,38.362341142844286,38.89209605193336,38.14244115207887,38.29237365722656,24129000,0.0,0.0,ITUB4.SA
2026-08-14,38.24239446863962,39.11199691723316,37.85257452206973,38.9820556640625,39681400,0.0,0.0,ITUB4.SA
2026-08-17,38.902091488332765,38.96206525562485,38.152436555421446,38.362342834472656,21823400,0.0,0.0,ITUB4.SA
2026-08-18,38.46229562269802,38.72217813686627,38.08246938588254,38.172428131103516,14745300,0.0,0.0,ITUB4.SA
2026-08-19,38.70218576221623,38.98205571128398,38.14244205113864,38.35234451293945,35577300,0.0,0.0,ITUB4.SA
2026-08-20,38.20241687042843,38.3223605929154,37.33281439680682,37.492740631103516,27458900,0.0,0.0,ITUB4.SA
2026-08-21,37.78260611465879,38.70218477270787,37.54271868243172,38.582237243652344,29492600,0.0,0.0,ITUB4.SA
2026-08-24,38.23240238171853,39.121992310725666,38.13244991374061,38.712181091308594,18970400,0.0,0.0,ITUB4.SA
2026-08-25,38.83212342086463,39.55179336587483,38.412318494903424,39.421852111816406,18255700,0.0,0.0,ITUB4.SA
2026-08-26,39.4818266665416,40.14152285832562,39.28191792083144,39.43185043334961,20036200,0.0,0.0,ITUB4.SA
2026-08-27,39.23194087121445,39.42185207856881,38.85211464356362,39.082008361816406,24225700,0.0,0.0,ITUB4.SA
2026-08-28,39.30190780485167,39.36188157035397,38.71217912270954,39.171966552734375,20889700,0.0,0.0,ITUB4.SA
2026-08-31,39.56179338075451,39.83166581411326,39.25193462101421,39.5018196105957,25694900,0.0,0.0,ITUB4.SA
2026-09-01,39.779998779296875,40.41999816894531,39.36000061035156,39.880001068115234,27032600,0.018182,0.0,ITUB4.SA
2026-09-02,40.27000045776367,41.599998474121094,40.0,41.40999984741211,44023900,0.0,0.0,ITUB4.SA
2026-09-03,41.869998931884766,42.58000183105469,41.59000015258789,41.91999816894531,42338500,0.0,0.0,ITUB4.SA
2026-09-04,41.91999816894531,42.4900016784668,41.38999938964844,41.91999816894531,23959900,0.0,0.0,ITUB4.SA
2026-09-08,42.630001068115234,43.150001525878906,42.349998474121094,42.43000030517578,23857400,0.0,0.0,ITUB4.SA
2026-09-09,42.040000915527344,42.189998626708984,41.2599983215332,41.59000015258789,29329700,0.0,0.0,ITUB4.SA
2026-09-10,41.5,42.810001373291016,41.20000076293945,42.349998474121094,35626000,0.0,0.0,ITUB4.SA
2026-09-11,42.54999923706055,42.77000045776367,42.220001220703125,42.72999954223633,17572900,0.0,0.0,ITUB4.SA
2024-09-11,13.236599833933452,13.27013140389547,13.06055889176894,13.094090461730957,19715400,0.0,0.0,BBDC4.SA
2024-09-12,13.043796836560036,13.136008477633032,12.892904333480686,13.03541374206543,21793200,0.0,0.0,BBDC4.SA
2024-09-13,12.993499069048289,13.219837823667314,12.909669723014007,13.03541374206543,27724900,0.0,0.0,BBDC4.SA
2024-09-16,13.027028943156273,13.077326704087222,12.817456404946258,12.93481731414795,27880800,0.0,0.0,BBDC4.SA
2024-09-17,12.867755530309223,12.892904013713421,12.75877770294986,12.85098934173584,34079400,0.0,0.0,BBDC4.SA
2024-09-18,12.783924398656396,12.93481687689261,12.716861252652691,12.775541305541992,32088700,0.0,0.0,BBDC4.SA
2024-09-19,12.825839379027943,12.825839379027943,12.565969082304496,12.59950065612793,38153100,0.0,0.0,BBDC4.SA
2024-09-20,12.658181338934932,12.674946725892307,12.272567845446092,12.364779472351074,57966500,0.0,0.0,BBDC4.SA
2024-09-23,12.30610063505908,12.30610063505908,12.012698739477583,12.04623031616211,45384200,0.0,0.0,BBDC4.SA
2024-09-24,12.197121635267152,12.213887022265444,11.954017527873628,12.029463768005371,44927000,0.0,0.0,BBDC4.SA
2024-09-25,12.07138022355707,12.180358060508041,12.02946634734634,12.104911804199219,44200800,0.0,0.0,BBDC4.SA
2024-09-26,12.180355396851715,12.440225689590697,12.138440730351133,12.415077209472656,58564400,0.0,0.0,BBDC4.SA
2024-09-27,12.38993011771011,12.708480520126006,12.348015443808245,12.524056434631348,44021100,0.0,0.0,BBDC4.SA
2024-09-30,12.515673611858393,12.574353673173992,12.280951767684249,12.322866439819336,37058100,0.0,0.0,BBDC4.SA
2024-10-01,12.42244042487067,12.592377889646967,12.328975021825146,12.481918334960938,29701400,0.197187,0.0,BBDC4.SA
2024-10-02,12.78729892759064,13.025519323044962,12.770283648699241,12.93193244934082,48598900,0.018942,0.0,BBDC4.SA
2024-10-03,12.846852428874824,12.940438476613846,12.710726162111179,12.795804977416992,34496900,0.0,0.0,BBDC4.SA
2024-10-04,12.702222086431878,13.025520529019635,12.676697948673851,12.812824249267578,23637900,0.0,0.0,BBDC4.SA
2024-10-07,12.93193244934082,13.127613430508882,12.86386971103154,12.93193244934082,28305600,0.0,0.0,BBDC4.SA
2024-10-08,12.948948860168457,13.059551015502066,12.92342472414172,12.948948860168457,22407600,0.0,0.0,BBDC4.SA
2024-10-09,12.863868105356891,12.931930835170547,12.617140506939457,12.693711280822754,31287500,0.0,0.0,BBDC4.SA
2024-10-10,12.693713230192953,12.778792061211426,12.60863439917448,12.761775970458984,21996700,0.0,0.0,BBDC4.SA
2024-10-11,12.744757360192411,12.761773447580937,12.532061136066062,12.5916166305542,35337900,0.0,0.0,BBDC4.SA
2024-10-14,12.583112328662336,12.829839989562698,12.574604282438061,12.778793334960938,22762100,0.0,0.0,BBDC4.SA
2024-10-15,12.8043157841651,12.965964594481019,12.770284412973755,12.88939380645752,29965600,0.0,0.0,BBDC4.SA
2024-10-16,12.855359534900826,12.98297775660467,12.736250168289953,12.84685230255127,55542100,0.0,0.0,BBDC4.SA
2024-10-17,12.71072814414974,13.008503232781722,12.651173450972081,12.93193244934082,29445500,0.0,0.0,BBDC4.SA
2024-10-18,12.974471454634733,13.13612025018068,12.863869305525688,13.034026145935059,39996000,0.0,0.0,BBDC4.SA
2024-10-21,13.06805701150058,13.10208837827382,12.957454866644607,12.999994277954102,22922500,0.0,0.0,BBDC4.SA
2024-10-22,12.846854254817675,13.093581880626246,12.787298751090207,12.9149169921875,32416400,0.0,0.0,BBDC4.SA
2024-10-23,12.80431402481999,12.91491616883782,12.710727158373944,12.863868713378906,19789900,0.0,0.0,BBDC4.SA
2024-10-24,12.8043157841651,13.008504011313173,12.787299692883481,12.88939380645752,24512500,0.0,0.0,BBDC4.SA
2024-10-25,12.897902055008068,12.940441472509452,12.651174407146321,12.702221870422363,31639200,0.0,0.0,BBDC4.SA
2024-10-28,12.804315017853881,13.059550692199602,12.79580697272226,12.93193244934082,22941700,0.0,0.0,BBDC4.SA
2024-10-29,13.008501333247539,13.093580149396635,12.727742375875929,12.744757652282715,32485200,0.0,0.0,BBDC4.SA
2024-10-30,12.761776783480457,12.804316201699775,12.659682666577243,12.787300109863281,28738700,0.0,0.0,BBDC4.SA
2024-10-31,12.3363816733394,12.523554587981053,12.123685437592169,12.22577953338623,84313700,0.0,0.0,BBDC4.SA
2024-11-01,12.302349818439128,12.310857862259615,11.95352813551631,12.0045747756958,62202000,0.0,0.0,BBDC4.SA
2024-11-04,12.09738656029249,12.182579749522441,11.87588491826459,12.020712852478027,34631600,0.018942,0.0,BBDC4.SA
2024-11-05,11.969600058813823,12.029234816102825,11.807733128368481,11.867368698120117,80715900,0.0,0.0,BBDC4.SA
2024-11-06,11.74809584871277,11.799211924316099,11.543633171224377,11.765134811401367,61380900,0.0,0.0,BBDC4.SA
2024-11-07,11.71401806312235,11.824768876850996,11.543632508333053,11.637344360351562,35235600,0.0,0.0,BBDC4.SA
2024-11-08,11.543635798343399,11.552155281626574,11.38176886581364,11.50955867767334,44207900,0.0,0.0,BBDC4.SA
2024-11-11,11.509557506601546,11.543634623804333,11.39028719016051,11.466960906982422,36639600,0.0,0.0,BBDC4.SA
2024-11-12,11.492517167543342,11.492517167543342,11.347689233633755,11.40732479095459,30009000,0.0,0.0,BBDC4.SA
2024-11-13,11.415844068754026,11.492517780497021,11.330651687621538,11.48399829864502,30372800,0.0,0.0,BBDC4.SA
2024-11-14,11.49251800006507,11.67994254207736,11.373248501708405,11.526595115661621,38876900,0.0,0.0,BBDC4.SA
2024-11-18,11.458441113170593,11.773654641845747,11.458441113170593,11.688462257385254,36262700,0.0,0.0,BBDC4.SA
2024-11-19,11.679943068743649,11.82477101967513,11.637346469211584,11.77365493774414,20410500,0.0,0.0,BBDC4.SA
2024-11-21,11.645864929143084,11.841808132339846,11.637345447492141,11.731058120727539,37207100,0.0,0.0,BBDC4.SA
2024-11-22,11.790692752542354,11.799212234110335,11.637345334168616,11.75661563873291,20755200,0.0,0.0,BBDC4.SA
2024-11-25,11.64586694230415,11.71402118236819,11.535116099084425,11.58623218536377,39191600,0.0,0.0,BBDC4.SA
2024-11-26,11.60326903546544,11.807731732685195,11.552153767391768,11.662903785705566,26857200,0.0,0.0,BBDC4.SA
2024-11-27,11.662905099452463,11.696982219494311,11.211383055782314,11.347691535949707,68995600,0.0,0.0,BBDC4.SA
2024-11-28,11.330652689467822,11.3562103248211,10.862091708190613,10.870611190795898,57956800,0.0,0.0,BBDC4.SA
2024-11-29,10.887648059238009,10.938764136377499,10.495760842710194,10.759859085083008,96013500,0.0,0.0,BBDC4.SA
2024-12-02,10.734304014246488,10.768381136317066,10.478725192485825,10.529840469360352,65638300,0.0,0.0,BBDC4.SA
2024-12-03,10.597193581507126,10.639855553896398,10.443610806389518,10.494805335998535,34013800,0.018942,0.0,BBDC4.SA
2024-12-04,10.47774015271882,10.673984898936345,10.469208409264574,10.6142578125,33476400,0.0,0.0,BBDC4.SA
2024-12-05,10.759308815002441,10.92142415811102,10.708115095701467,10.759308815002441,32611400,0.0,0.0,BBDC4.SA
2024-12-06,10.759308865217845,10.76784142304433,10.477740966619873,10.511870384216309,26301100,0.0,0.0,BBDC4.SA
2024-12-09,10.537465725571149,10.656918253867,10.392415529461054,10.443609237670898,34547600,0.0,0.0,BBDC4.SA
2024-12-10,10.494804998787838,10.725178340352635,10.392416756569107,10.64838695526123,32732400,0.0,0.0,BBDC4.SA
2024-12-11,10.699585728868575,10.989686270456215,10.520406030459137,10.836103439331055,45892900,0.0,0.0,BBDC4.SA
2024-12-12,10.75077859683172,10.75077859683172,10.409483560309194,10.460678100585938,48022200,0.0,0.0,BBDC4.SA
2024-12-13,10.494805751115582,10.554532026597343,10.315626110960823,10.324158668518066,24692500,0.0,0.0,BBDC4.SA
2024-12-16,10.34975580795061,10.35828836573908,10.085252212474515,10.153511047363281,52741800,0.0,0.0,BBDC4.SA
2024-12-17,10.213238508183288,10.315626764225811,9.92313804254138,10.230302810668945,66961700,0.0,0.0,BBDC4.SA
2024-12-18,10.162045498765885,10.162045498765885,9.692765311176963,9.803686141967773,70432300,0.0,0.0,BBDC4.SA
2024-12-19,9.829283784772207,9.923139496468771,9.70129783568455,9.81221866607666,39732600,0.0,0.0,BBDC4.SA
2024-12-20,9.871945102996067,10.15351305604246,9.795153695127112,10.03406047821045,63007200,0.0,0.0,BBDC4.SA
2024-12-23,9.982865464218836,10.025527445879396,9.778088928699693,9.854880332946777,28062600,0.0,0.0,BBDC4.SA
2024-12-26,9.871944046345394,10.025526845644457,9.837814625802222,9.931671142578125,17715100,0.0,0.0,BBDC4.SA
2024-12-27,9.982865464218836,10.008462327731324,9.837815214798706,9.854880332946777,19364200,0.0,0.0,BBDC4.SA
2024-12-30,9.9572666399104,9.974330940988532,9.84634583491944,9.863410949707031,24874700,0.0,0.0,BBDC4.SA
2025-01-02,9.901464337792145,10.067801561449338,9.743881089660833,9.980255126953125,31243900,0.293469,0.0,BBDC4.SA
2025-01-03,9.996868054422292,10.031944752159777,9.760100553767874,9.821484565734863,27722400,0.018942,0.0,BBDC4.SA
2025-01-06,9.944253760065994,10.154713953561858,9.891638293544794,10.01440715789795,30587800,0.0,0.0,BBDC4.SA
2025-01-07,10.110868498908374,10.259944687635183,10.049484481065988,10.154714584350586,31934700,0.0,0.0,BBDC4.SA
2025-01-08,10.084558372650092,10.137173827781233,9.926712843550963,9.996866226196289,35250500,0.0,0.0,BBDC4.SA
2025-01-09,9.996869254728242,10.014408023850052,9.891639148880996,9.926715850830078,18386900,0.0,0.0,BBDC4.SA
2025-01-10,9.926713551621027,9.935482934150784,9.707484006143218,9.803945541381836,46311500,0.0,0.0,BBDC4.SA
2025-01-13,9.742562041566048,9.979330384707522,9.733793494123168,9.83902359008789,36560700,0.0,0.0,BBDC4.SA
2025-01-14,9.847792805447355,10.075791780315285,9.698717453273959,10.023177146911621,43570500,0.0,0.0,BBDC4.SA
2025-01-15,10.110867673963003,10.426558794354087,10.09332974299375,10.373943328857422,42795800,0.0,0.0,BBDC4.SA
2025-01-16,10.365172886477138,10.373942269213245,10.163482101312901,10.286250114440918,37429100,0.0,0.0,BBDC4.SA
2025-01-17,10.321329187343775,10.347636503187916,10.084560835863025,10.163483619689941,60743100,0.0,0.0,BBDC4.SA
2025-01-20,10.11963698154272,10.207329144613311,10.040714202038078,10.198559761047363,17924700,0.0,0.0,BBDC4.SA
2025-01-21,10.216099252346208,10.27748411038965,10.15471523059734,10.207330703735352,25985500,0.0,0.0,BBDC4.SA
2025-01-22,10.286249963683133,10.286249963683133,10.023175175810577,10.067020416259766,42528000,0.0,0.0,BBDC4.SA
2025-01-23,10.084560766844554,10.22486756544571,9.917946652579305,9.988100051879883,36035600,0.0,0.0,BBDC4.SA
2025-01-24,9.996868153543021,10.005637537137952,9.830254046711564,9.90917682647705,45727800,0.0,0.0,BBDC4.SA
2025-01-27,9.926715609086699,10.154714584350586,9.891638907991833,10.154714584350586,80300500,0.0,0.0,BBDC4.SA
2025-01-28,10.128406365108669,10.286251087823507,10.023176271200628,10.198559761047363,24844400,0.0,0.0,BBDC4.SA
2025-01-29,10.286250845770887,10.286250845770887,10.058252732482531,10.093329429626465,33371500,0.0,0.0,BBDC4.SA
2025-01-30,10.119637798131697,10.742249864549185,10.093330481605468,10.64578914642334,56868200,0.0,0.0,BBDC4.SA
2025-01-31,10.645787185701511,10.917631357758632,10.53178772002472,10.601941108703613,37528400,0.0,0.0,BBDC4.SA
2025-02-03,10.601940849238257,10.672094236200259,10.452864692870417,10.584402084350586,32339300,0.0,0.0,BBDC4.SA
2025-02-04,10.565909385681152,10.688871228935254,10.434165211744569,10.565909385681152,36005500,0.018942,0.0,BBDC4.SA
2025-02-05,10.671305197793414,10.873313886235103,10.460514178417867,10.811833381652832,42185200,0.0,0.0,BBDC4.SA
2025-02-06,10.741567427883117,11.048971584715524,10.627389602600278,10.961141586303711,45483400,0.0,0.0,BBDC4.SA
2025-02-07,10.803047359845667,10.917226007919874,10.416596422116223,10.53077507019043,129620600,0.0,0.0,BBDC4.SA
2025-02-10,10.539558410644531,10.864528027793009,10.521992077907877,10.539558410644531,31716900,0.0,0.0,BBDC4.SA
2025-02-11,10.583474583305005,10.86452923751501,10.56590824861241,10.785482406616211,40337300,0.0,0.0,BBDC4.SA
2025-02-12,10.583473150669478,10.583473150669478,10.030146246888116,10.293635368347168,123782500,0.0,0.0,BBDC4.SA
2025-02-13,10.328768552332788,10.557125876772174,10.293636720696647,10.434164047241211,44812400,0.0,0.0,BBDC4.SA
2025-02-14,10.521992883736074,10.759133368189257,10.513210554303997,10.706435203552246,46996800,0.0,0.0,BBDC4.SA
2025-02-17,10.794263627997347,10.838178619203001,10.70643364558604,10.723999977111816,17475100,0.0,0.0,BBDC4.SA
2025-02-18,10.776699876679348,10.838180371743425,10.644954881759139,10.715218544006348,25805300,0.0,0.0,BBDC4.SA
2025-02-19,10.64495547163581,10.67130413703636,10.486861804014572,10.521993637084961,38006500,0.0,0.0,BBDC4.SA
2025-02-20,10.54834081886183,10.627387635277671,10.469294002445988,10.49564266204834,26359900,0.0,0.0,BBDC4.SA
2025-02-21,10.539562824100251,10.557129164192833,10.293639926068488,10.399035453796387,45757000,0.0,0.0,BBDC4.SA
2025-02-24,10.416597898746979,10.416597898746979,10.170675072899733,10.214590072631836,30213900,0.0,0.0,BBDC4.SA
2025-02-25,10.293634221310267,10.372681032700548,10.232152902668531,10.337549209594727,33494400,0.0,0.0,BBDC4.SA
2025-02-26,10.451730331792094,10.486862166075417,10.082845653012702,10.135543823242188,51824900,0.0,0.0,BBDC4.SA
2025-02-27,10.1443279298286,10.205808436110706,10.038932417226814,10.074064254760742,40713100,0.0,0.0,BBDC4.SA
2025-02-28,10.056497400693482,10.082846068088408,9.845706386316012,9.872055053710938,84387200,0.0,0.0,BBDC4.SA
2025-03-05,9.872055560733845,10.1443279298286,9.872055560733845,10.074064254760742,41379800,0.0,0.0,BBDC4.SA
2025-03-06,10.047078984206909,10.231832658099512,9.932707582366454,10.161450386047363,44187500,0.018942,0.0,BBDC4.SA
2025-03-07,10.099865650484038,10.381395588356613,10.047079363961172,10.284619331359863,29808500,0.0,0.0,BBDC4.SA
2025-03-10,10.170249543066316,10.223035833631604,10.047080133375708,10.135058403015137,42234700,0.0,0.0,BBDC4.SA
2025-03-11,10.143854294339533,10.161450281683281,9.915112332030803,10.073472023010254,43087500,0.0,0.0,BBDC4.SA
2025-03-12,10.082270016682127,10.135057139690515,9.967898616016335,10.073472023010254,31708500,0.0,0.0,BBDC4.SA
2025-03-13,10.082270109224536,10.311012912655691,10.020685831001865,10.249427795410156,35174100,0.0,0.0,BBDC4.SA
2025-03-14,10.31101305355131,10.733306691173569,10.284619071932763,10.671722412109375,42086800,0.0,0.0,BBDC4.SA
2025-03-17,10.680521294851856,10.918061276027549,10.671723300246807,10.830083847045898,23901600,0.0,0.0,BBDC4.SA
2025-03-18,10.856476385233682,10.909262671868655,10.750902972940837,10.821285247802734,19650500,0.0,0.0,BBDC4.SA
2025-03-19,10.821283942553599,11.023632748618777,10.75090167618112,10.918059349060059,25791100,0.0,0.0,BBDC4.SA
2025-03-20,10.91806359112158,10.988445884840118,10.768501007213905,10.865277290344238,31369300,0.0,0.0,BBDC4.SA
2025-03-21,10.891666917662288,11.076420588667927,10.874070930412774,11.014836311340332,74318800,0.0,0.0,BBDC4.SA
2025-03-24,11.032431246475117,11.199588927002583,10.970846970337023,11.129206657409668,44562300,0.0,0.0,BBDC4.SA
2025-03-25,11.173197422914422,11.69226736649071,11.129208288217235,11.31396198272705,63764400,0.0,0.0,BBDC4.SA
2025-03-26,11.419534180842417,11.569096719397796,11.349151908466105,11.498714447021484,49065500,0.0,0.0,BBDC4.SA
2025-03-27,11.525107532407354,11.586691806193024,11.40193814581321,11.45472526550293,40588300,0.0,0.0,BBDC4.SA
2025-03-28,11.437131249649056,11.472322389163983,11.252377557439962,11.296366691589355,25978000,0.0,0.0,BBDC4.SA
2025-03-31,11.234779238357044,11.234779238357044,11.058822751389052,11.146800994873047,38613400,0.0,0.0,BBDC4.SA
2025-04-01,11.153458605331416,11.341589269465823,11.09074866873955,11.1624174118042,20578300,0.227431,0.0,BBDC4.SA
2025-04-02,11.197356600659342,11.260162870872959,11.071745771551306,11.188385009765625,18113400,0.018942,0.0,BBDC4.SA
2025-04-03,11.080720416643,11.54727660641062,11.080720416643,11.40372085571289,46295700,0.0,0.0,BBDC4.SA
2025-04-04,11.197359223897806,11.358859877054343,11.071748365362543,11.278109550476074,48847400,0.0,0.0,BBDC4.SA
2025-04-07,11.116607549064538,11.367830071988926,10.892301511109997,11.089690208435059,50116900,0.0,0.0,BBDC4.SA
2025-04-08,11.18838924015,11.25119467845106,10.685943166761758,10.784638404846191,56053800,0.0,0.0,BBDC4.SA
2025-04-09,10.685939126354684,11.322968285426976,10.605188818694034,11.188385009765625,64688900,0.0,0.0,BBDC4.SA
2025-04-10,11.116609601298968,11.170442581176758,10.91024756334134,11.170442581176758,29807400,0.0,0.0,BBDC4.SA
2025-04-11,11.233246582851505,11.484469101110086,11.17044031154215,11.322968482971191,28170600,0.0,0.0,BBDC4.SA
2025-04-14,11.484471475947256,11.511387965983175,11.287081885811002,11.42166519165039,18681300,0.0,0.0,BBDC4.SA
2025-04-15,11.412693318588945,11.529332580094417,11.394748421898978,11.43063735961914,20639200,0.0,0.0,BBDC4.SA
2025-04-16,11.385773776492178,11.62802470110203,11.376802185538171,11.412691116333008,29640200,0.0,0.0,BBDC4.SA
2025-04-17,11.45755443901693,11.565221249681223,11.313997835804788,11.46652603149414,26318600,0.0,0.0,BBDC4.SA
2025-04-22,11.412693598744944,11.520360414548412,11.305026782941475,11.42166519165039,23746500,0.0,0.0,BBDC4.SA
2025-04-23,11.502414229465257,11.870276022851696,11.502414229465257,11.798498153686523,38980300,0.0,0.0,BBDC4.SA
2025-04-24,11.834386456950458,12.067664947122617,11.807469971364332,11.98691463470459,28878200,0.0,0.0,BBDC4.SA
2025-04-25,11.977942486307581,12.12149821030444,11.924108661978954,12.00485897064209,26229400,0.0,0.0,BBDC4.SA
2025-04-28,12.013835223803472,12.17533503664018,11.95102893291042,11.977946281433105,19185700,0.0,0.0,BBDC4.SA
2025-04-29,11.968972098598087,12.238139555225374,11.959999650389902,12.112527847290039,29771000,0.0,0.0,BBDC4.SA
2025-04-30,12.022806588760602,12.336835470267726,11.960001154723123,12.318890571594238,55291100,0.0,0.0,BBDC4.SA
2025-05-02,12.265054944109322,12.336832812017375,12.040748892981732,12.058692932128906,27262900,0.0,0.0,BBDC4.SA
2025-05-05,12.084698672981203,12.201502556457049,11.896015608422902,11.949925422668457,32690500,0.018942,0.0,BBDC4.SA
2025-05-06,11.904999324360631,11.94093891068778,11.78819545458056,11.896014213562012,26635800,0.0,0.0,BBDC4.SA
2025-05-07,11.940940794695,12.003834866473928,11.635453834281709,11.716318130493164,45197400,0.0,0.0,BBDC4.SA
2025-05-08,13.02811280752993,13.737920298631005,13.02811280752993,13.549237251281738,218670200,0.0,0.0,BBDC4.SA
2025-05-09,13.49532603588829,13.78284268578329,13.324612382362728,13.585174560546875,58078200,0.0,0.0,BBDC4.SA
2025-05-12,13.62111613295671,13.657055719447335,13.288674743701598,13.387508392333984,28273600,0.0,0.0,BBDC4.SA
2025-05-13,13.3875102584206,13.701982326698362,13.3875102584206,13.675027847290039,41967000,0.0,0.0,BBDC4.SA
2025-05-14,13.6660409657259,13.827769534970209,13.612131157022018,13.657055854797363,44162100,0.0,0.0,BBDC4.SA
2025-05-15,13.719949939870554,13.962541922113255,13.701979719106577,13.791829109191895,37314300,0.0,0.0,BBDC4.SA
2025-05-16,13.701979663823602,13.872692476056192,13.648069858616463,13.836752891540527,35982000,0.0,0.0,BBDC4.SA
2025-05-19,13.800813967381803,14.070361292580543,13.773859491922126,13.962542533874512,34562300,0.0,0.0,BBDC4.SA
2025-05-20,13.971527664698504,14.115286009846162,13.890663381336115,14.097315788269043,27806300,0.0,0.0,BBDC4.SA
2025-05-21,14.016452085093206,14.070361035025769,13.71995028986219,13.845738410949707,25605500,0.0,0.0,BBDC4.SA
2025-05-22,13.782843037184737,14.097314166808212,13.728933235521358,13.88167667388916,46122600,0.0,0.0,BBDC4.SA
2025-05-23,13.809798217623783,14.097314889590427,13.477356851445533,14.052391052246094,35866200,0.0,0.0,BBDC4.SA
2025-05-26,14.016450739095022,14.241073341600602,13.9266013553459,14.124269485473633,16875000,0.0,0.0,BBDC4.SA
2025-05-27,14.23209014872837,14.59148601839632,14.196150561761574,14.411788940429688,51944300,0.0,0.0,BBDC4.SA
2025-05-28,14.420770731345032,14.663363558999347,14.411787335121831,14.5106201171875,53685300,0.0,0.0,BBDC4.SA
2025-05-29,14.456713268304556,14.690321019888929,14.411789425733799,14.447728157043457,35789500,0.0,0.0,BBDC4.SA
2025-05-30,14.411787473648802,14.573514313238379,14.23208870023659,14.555545806884766,55543700,0.0,0.0,BBDC4.SA
2025-06-02,14.663366109275586,14.825094689173223,14.555548198500356,14.591486930847168,26220300,0.0,0.0,BBDC4.SA
2025-06-03,14.698479101862176,14.878387731419714,14.581537977929022,14.842405319213867,50865800,0.018942,0.0,BBDC4.SA
2025-06-04,14.860396590679175,15.103272726929369,14.725465975785463,14.797429084777832,36692500,0.0,0.0,BBDC4.SA
2025-06-05,14.842407979238205,14.842407979238205,14.302683709573222,14.365652084350586,36435500,0.0,0.0,BBDC4.SA
2025-06-06,14.356654167175293,14.437612022503407,14.2487095022032,14.356654167175293,19352100,0.0,0.0,BBDC4.SA
2025-06-09,14.338664098001553,14.419623675486768,13.987844123484333,14.248710632324219,28177300,0.0,0.0,BBDC4.SA
2025-06-10,14.38364084977313,14.428618868131725,14.185742716203212,14.239714622497559,27623200,0.0,0.0,BBDC4.SA
2025-06-11,14.185743327004818,14.716471956336283,14.0777977940323,14.680489540100098,48251000,0.0,0.0,BBDC4.SA
2025-06-12,14.58153905380699,14.878388829200317,14.518571543536638,14.82441520690918,38328100,0.0,0.0,BBDC4.SA
2025-06-13,14.626517559598556,14.797430604408392,14.518572027156544,14.653504371643066,29855200,0.0,0.0,BBDC4.SA
2025-06-16,14.788435837790994,15.058297110572909,14.770444628742565,14.968342781066895,25238300,0.0,0.0,BBDC4.SA
2025-06-17,14.959344380219072,15.193224906921387,14.941354890269515,15.193224906921387,33555400,0.0,0.0,BBDC4.SA
2025-06-18,14.959344242104269,15.247198383205015,14.941354752320803,15.076285362243652,32449600,0.0,0.0,BBDC4.SA
2025-06-20,14.959342740185793,15.058292644871344,14.83340774566645,14.950348854064941,39693200,0.0,0.0,BBDC4.SA
2025-06-23,14.923364581156855,14.923364581156855,14.635512135840523,14.833410263061523,25046300,0.0,0.0,BBDC4.SA
2025-06-24,14.932360309861993,15.121262835285261,14.851401594470328,14.878388404846191,32515100,0.0,0.0,BBDC4.SA
2025-06-25,14.869393027673267,14.977336839347583,14.75245189666748,14.75245189666748,33727300,0.0,0.0,BBDC4.SA
2025-06-26,14.815422241546328,14.887385368347168,14.599532861143805,14.887385368347168,27870800,0.0,0.0,BBDC4.SA
2025-06-27,14.761447348724358,14.959345478586314,14.671493029428584,14.905373573303223,28697200,0.0,0.0,BBDC4.SA
2025-06-30,14.869390509759677,15.139251708984375,14.824412499398452,15.139251708984375,30209500,0.0,0.0,BBDC4.SA
2025-07-01,15.181971212650435,15.383420142537052,15.163657197246023,15.273539543151855,24480600,0.296649,0.0,BBDC4.SA
2025-07-02,15.290904220744189,15.290904220744189,14.850878627695533,14.997553825378418,29531300,0.018942,0.0,BBDC4.SA
2025-07-03,15.015881788768436,15.474242062215044,14.99754870669489,15.355069160461426,34023600,0.0,0.0,BBDC4.SA
2025-07-04,15.272567049535485,15.391741722253718,15.235899129972498,15.281734466552734,11797800,0.0,0.0,BBDC4.SA
2025-07-07,15.272566153191555,15.37340598595702,15.080055652645752,15.135058403015137,22852900,0.0,0.0,BBDC4.SA
2025-07-08,15.14422762993594,15.171728134155273,15.043387785115412,15.171728134155273,18149600,0.0,0.0,BBDC4.SA
2025-07-09,15.153396441479769,15.17172952981042,14.970051570123022,14.997553825378418,22687500,0.0,0.0,BBDC4.SA
2025-07-10,14.805039151561385,14.841708819330362,14.70420106220869,14.79587173461914,24133500,0.0,0.0,BBDC4.SA
2025-07-11,14.704201793266261,14.768371966546361,14.594194532996028,14.713367462158203,20943500,0.0,0.0,BBDC4.SA
2025-07-14,14.676698211189361,14.814205962687758,14.621694586038226,14.768370628356934,16403700,0.0,0.0,BBDC4.SA
2025-07-15,14.832543415160119,14.951716354569037,14.575860951463525,14.75920581817627,20723100,0.0,0.0,BBDC4.SA
2025-07-16,14.805039183841593,14.841708851690523,14.585026422266012,14.7225341796875,18619600,0.0,0.0,BBDC4.SA
2025-07-17,14.695033073425295,14.750035824432391,14.55752444740162,14.695033073425293,19360000,0.0,0.0,BBDC4.SA
2025-07-18,14.603362648125632,14.630864027380653,14.3100113971441,14.365015029907227,43557800,0.0,0.0,BBDC4.SA
2025-07-21,14.392515707962282,14.539190889180526,14.2733419046592,14.374181747436523,28460200,0.0,0.0,BBDC4.SA
2025-07-22,14.410850305406825,14.493355312046562,14.27334166958959,14.32834529876709,22020400,0.0,0.0,BBDC4.SA
2025-07-23,14.328346385613594,14.64003160133792,14.310011549746001,14.557526588439941,23447100,0.0,0.0,BBDC4.SA
2025-07-24,14.475020715960804,14.475020715960804,14.26417536152284,14.374181747436523,40868200,0.0,0.0,BBDC4.SA
2025-07-25,14.4108505968076,14.447519392249735,14.200004367325544,14.264175415039062,21825400,0.0,0.0,BBDC4.SA
2025-07-28,14.310010727878938,14.34667952325503,13.998326404308674,14.154168128967285,24295500,0.0,0.0,BBDC4.SA
2025-07-29,14.172504193138714,14.282510588809208,14.080831759620075,14.126667976379395,28054200,0.0,0.0,BBDC4.SA
2025-07-30,14.062497921339268,14.484189545583908,14.044163084772789,14.35584831237793,45351600,0.0,0.0,BBDC4.SA
2025-07-31,14.530022650205616,14.612526774321816,14.108331116293414,14.236671447753906,63011500,0.0,0.0,BBDC4.SA
2025-08-01,14.401683179383806,14.5300244005578,14.218339202173134,14.264175415039062,30228600,0.0,0.0,BBDC4.SA
2025-08-04,14.437592807906768,14.630338842785536,14.318274625889137,14.373344421386719,25590900,0.018942,0.0,BBDC4.SA
2025-08-05,14.327451930812694,14.575268629402544,14.327451930812694,14.40087890625,31469200,0.0,0.0,BBDC4.SA
2025-08-06,14.465128149106548,14.566090021383562,14.354987686081099,14.382522583007812,24917500,0.0,0.0,BBDC4.SA
2025-08-07,14.428414047939528,14.501841020167735,14.336629894994992,14.49266242980957,27653400,0.0,0.0,BBDC4.SA
2025-08-08,14.455948029649711,14.67622893240603,14.455948029649711,14.648694038391113,25120200,0.0,0.0,BBDC4.SA
2025-08-11,14.639518104234254,14.648696695677064,14.51102132530956,14.593626022338867,13742600,0.0,0.0,BBDC4.SA
2025-08-12,14.657874975194119,14.997474973483296,14.611982894275336,14.933226585388184,31596100,0.0,0.0,BBDC4.SA
2025-08-13,14.850621465626224,15.015832611821793,14.722124685535153,14.804728507995605,29193000,0.0,0.0,BBDC4.SA
2025-08-14,14.639517988291802,14.93322678490496,14.566091007968176,14.694588661193848,29789000,0.0,0.0,BBDC4.SA
2025-08-15,14.621157035834068,14.768010949826893,14.575264968881719,14.71294116973877,20291000,0.0,0.0,BBDC4.SA
2025-08-18,14.777195192143608,15.089260316435936,14.703768207053496,15.006654739379883,42207700,0.0,0.0,BBDC4.SA
2025-08-19,14.74047824225013,14.749656832608295,14.410056867223199,14.49266242980957,44185500,0.0,0.0,BBDC4.SA
2025-08-20,14.465127220950503,14.621159752387697,14.345808174832733,14.538554191589355,31984600,0.0,0.0,BBDC4.SA
2025-08-21,14.373343381109096,14.556910811679614,14.345808485353157,14.49266242980957,26082100,0.0,0.0,BBDC4.SA
2025-08-22,14.54773453740571,14.969939231872559,14.465128966638321,14.969939231872559,36922300,0.0,0.0,BBDC4.SA
2025-08-25,14.997476147413943,15.043367356606232,14.896513386426008,15.006654739379883,24075600,0.0,0.0,BBDC4.SA
2025-08-26,14.98829641440693,15.061723393907133,14.859799637940894,14.969939231872559,37241300,0.0,0.0,BBDC4.SA
2025-08-27,14.979116335400269,15.116791689459449,14.81390521027441,15.080079078674316,20684700,0.0,0.0,BBDC4.SA
2025-08-28,15.144328546293702,15.53899920669301,15.08925875084924,15.410502433776855,32140300,0.0,0.0,BBDC4.SA
2025-08-29,15.419679307161438,15.502284875823577,15.355430920565828,15.44721508026123,32575000,0.0,0.0,BBDC4.SA
2025-09-01,15.45639570500894,15.548179876781077,15.337075756513922,15.346254348754883,13494400,0.0,0.0,BBDC4.SA
2025-09-02,15.124747442445107,15.24420269346914,14.95935069526372,15.170692443847656,25223800,0.018942,0.0,BBDC4.SA
2025-09-03,15.170692792300652,15.299335293937364,15.106371541482297,15.161503791809082,18858600,0.0,0.0,BBDC4.SA
2025-09-04,15.124748996310439,15.529056287077049,15.106372746484103,15.46473503112793,22151800,0.0,0.0,BBDC4.SA
2025-09-05,15.529053647688748,16.043625360445542,15.492299401660217,15.841472625732422,31586500,0.0,0.0,BBDC4.SA
2025-09-08,15.85985296966994,15.90579622215316,15.593377197923598,15.75877571105957,21367000,0.0,0.0,BBDC4.SA
2025-09-09,15.832284205859743,15.841473205859005,15.611753463745117,15.611753463745117,23027600,0.0,0.0,BBDC4.SA
2025-09-10,15.62094794430904,15.79553550030345,15.47392739798422,15.501494407653809,26745800,0.0,0.0,BBDC4.SA
2025-09-11,15.593377878064732,15.813908654324075,15.547434623577592,15.64851188659668,44461600,0.0,0.0,BBDC4.SA
2025-09-12,15.611755545475281,15.64851155037351,15.455546029903372,15.46473503112793,26449500,0.0,0.0,BBDC4.SA
2025-09-15,15.593377878064732,15.722022145349795,15.556623624999583,15.64851188659668,28565000,0.0,0.0,BBDC4.SA
2025-09-16,15.712830711114442,15.722019711113703,15.538243216373575,15.611753463745117,27075700,0.0,0.0,BBDC4.SA
2025-09-17,15.584186774146332,16.22740276592553,15.584186774146332,16.153892517089844,44010600,0.0,0.0,BBDC4.SA
2025-09-18,16.080386004620827,16.135518265902235,15.92417647047102,15.988497734069824,25877600,0.0,0.0,BBDC4.SA
2025-09-19,16.05282272766945,16.32848760337538,16.03444647138777,16.273353576660156,51887400,0.0,0.0,BBDC4.SA
2025-09-22,16.172268468697084,16.33766694577979,16.01605899063257,16.30091094970703,31295400,0.0,0.0,BBDC4.SA
2025-09-23,16.337671539262093,16.585767572018213,16.227405272663823,16.401992797851562,31896600,0.0,0.0,BBDC4.SA
2025-09-24,16.41118689082482,16.438752151559036,16.273353576660156,16.273353576660156,24592400,0.0,0.0,BBDC4.SA
2025-09-25,16.264161999566063,16.37442651842615,16.098763468653004,16.14470672607422,22322600,0.0,0.0,BBDC4.SA
2025-09-26,16.126330176851724,16.310106728361365,16.098764920961436,16.227407455444336,17781600,0.0,0.0,BBDC4.SA
2025-09-29,16.493878534301004,16.558199783036134,16.34685803644283,16.39280128479004,17152900,0.0,0.0,BBDC4.SA
2025-09-30,16.65131199761348,16.7354096769759,16.455085267273915,16.52983856201172,31375900,0.296649,0.0,BBDC4.SA
2025-10-01,16.63261670475488,16.763436255930625,16.09065508490804,16.2495059967041,39717600,0.0,0.0,BBDC4.SA
2025-10-02,16.19239518106553,16.285939129359754,15.930474266884607,15.986599922180176,32063000,0.018942,0.0,BBDC4.SA
2025-10-03,15.958535269065315,16.02401549378081,15.762094594918835,15.995953559875488,22193300,0.0,0.0,BBDC4.SA
2025-10-06,15.939827844188532,15.986598923312105,15.715321668628937,15.902409553527832,25025200,0.0,0.0,BBDC4.SA
2025-10-07,15.790157272786278,15.790157272786278,15.546945507870332,15.640487670898438,42904900,0.0,0.0,BBDC4.SA
2025-10-08,15.705967919233712,15.939826868948076,15.659195058769525,15.893054008483887,25534300,0.0,0.0,BBDC4.SA
2025-10-09,15.93047139616997,16.042722686533114,15.836927464732621,15.977242469787598,20125800,0.0,0.0,BBDC4.SA
2025-10-10,16.042723569562845,16.10820378991255,15.705967895735485,15.762093544006348,28431400,0.0,0.0,BBDC4.SA
2025-10-13,15.85563844786799,15.930473244861844,15.790156439321358,15.827574729919434,15538000,0.0,0.0,BBDC4.SA
2025-10-14,15.921117805510768,16.229811549331266,15.874344944809359,16.052078247070312,38399800,0.0,0.0,BBDC4.SA
2025-10-15,15.958532571386474,16.295289994942294,15.85563585745709,16.239164352416992,35955800,0.0,0.0,BBDC4.SA
2025-10-16,16.14562233509122,16.557214592097402,16.09884947395289,16.426252365112305,43635200,0.0,0.0,BBDC4.SA
2025-10-17,16.30464659960749,16.603985776012546,16.154977011404966,16.53850555419922,33720300,0.0,0.0,BBDC4.SA
2025-10-20,16.538504752597163,16.98751349544181,16.538504752597163,16.847198486328125,19858100,0.0,0.0,BBDC4.SA
2025-10-21,16.53850465369774,16.987513393857338,16.53850465369774,16.62269401550293,18340400,0.0,0.0,BBDC4.SA
2025-10-22,16.706885331497993,16.791074703150745,16.60398681409967,16.64140510559082,17711400,0.0,0.0,BBDC4.SA
2025-10-23,16.660111504647972,16.85655395522298,16.632049571853138,16.819135665893555,21199100,0.0,0.0,BBDC4.SA
2025-10-24,16.865908594595755,17.024932756473447,16.79107379984168,16.91267967224121,17723600,0.0,0.0,BBDC4.SA
2025-10-27,17.109121205619825,17.21201792775943,16.940742480406833,17.052993774414062,25859200,0.0,0.0,BBDC4.SA
2025-10-28,17.071701983464834,17.20266241403717,16.922032410181583,17.062347412109375,33329500,0.0,0.0,BBDC4.SA
2025-10-29,17.127832574091812,17.623614293905792,17.090416062065746,17.614259719848633,43232000,0.0,0.0,BBDC4.SA
2025-10-30,16.950099909217787,17.183958892719012,16.781721155624513,16.9313907623291,66549800,0.0,0.0,BBDC4.SA
2025-10-31,17.071701946314857,17.099765660320166,16.744299086394438,16.987512588500977,35036500,0.0,0.0,BBDC4.SA
2025-11-03,17.15589145835789,17.417814105489285,16.987512741216428,17.17460060119629,35328300,0.0,0.0,BBDC4.SA
2025-11-04,17.145519137876043,17.31407177398919,17.042516138286324,17.229795455932617,24920700,0.018942,0.0,BBDC4.SA
2025-11-05,17.22979374659709,17.632446829355377,17.182974368341622,17.59499168395996,32489600,0.0,0.0,BBDC4.SA
2025-11-06,17.594992525521135,17.669904605939777,17.445166578638975,17.520078659057617,23203700,0.0,0.0,BBDC4.SA
2025-11-07,17.473259068958797,17.538806915283203,17.295342210331935,17.538806915283203,15628600,0.0,0.0,BBDC4.SA
2025-11-10,17.594992910515387,17.969553320804305,17.576264443489713,17.866548538208008,28034500,0.0,0.0,BBDC4.SA
2025-11-11,17.913369635243402,18.38157063945415,17.87591448364999,18.25047492980957,39993600,0.0,0.0,BBDC4.SA
2025-11-12,18.25983886240393,18.316022481887945,18.03510259842283,18.203655242919922,30776900,0.0,0.0,BBDC4.SA
2025-11-13,18.156829731223052,18.578211241733776,18.138103053235067,18.241106033325195,32477500,0.0,0.0,BBDC4.SA
2025-11-14,18.194285811263246,18.484569846060314,18.14746465336401,18.231740951538086,26233700,0.0,0.0,BBDC4.SA
2025-11-17,18.194286656990897,18.259834495052147,17.96018621474664,18.09128189086914,27809900,0.0,0.0,BBDC4.SA
2025-11-18,17.932095324349945,18.007007401969496,17.81036386798498,17.875911712646484,31226100,0.0,0.0,BBDC4.SA
2025-11-19,17.80100092347561,17.96018932319492,17.66054099102797,17.697996139526367,25755800,0.0,0.0,BBDC4.SA
2025-11-21,17.866547292722306,17.866547292722306,17.454529977103967,17.59499168395996,33815400,0.0,0.0,BBDC4.SA
2025-11-24,17.59499241119621,17.688631171577423,17.510716098017223,17.604354858398438,32487300,0.0,0.0,BBDC4.SA
2025-11-25,17.613720245760206,17.894641903445454,17.604356011899533,17.74481773376465,28601700,0.0,0.0,BBDC4.SA
2025-11-26,17.81972590367797,18.35347461415887,17.772904744661034,18.278562545776367,33913900,0.0,0.0,BBDC4.SA
2025-11-27,18.259834497357815,18.35347503147627,18.213015123320904,18.241106033325195,9964400,0.0,0.0,BBDC4.SA
2025-11-28,18.269201469118148,18.550121327557072,18.241108768856293,18.400297164916992,25415300,0.0,0.0,BBDC4.SA
2025-12-01,18.40029505511005,18.44711621684455,18.119375228881836,18.119375228881836,24721300,0.0,0.0,BBDC4.SA
2025-12-02,18.165249038936697,18.35271363254346,18.155877418271736,18.315221786499023,23940400,0.018942,0.0,BBDC4.SA
2025-12-03,18.40895646959574,18.4558235225216,17.602862825018843,17.809072494506836,63797200,0.0,0.0,BBDC4.SA
2025-12-04,17.92154768097728,18.165249151260177,17.87468063838836,18.062145233154297,35919800,0.0,0.0,BBDC4.SA
2025-12-05,18.090261481097144,18.21211398928329,16.937359189890948,16.98422622680664,72531700,0.0,0.0,BBDC4.SA
2025-12-08,17.181064582276733,17.227929837300046,16.91861450587948,17.1060791015625,34307900,0.0,0.0,BBDC4.SA
2025-12-09,16.96548339491795,16.993601835873893,16.47807682333737,16.88112449645996,34063400,0.0,0.0,BBDC4.SA
2025-12-10,16.890497966114538,17.265425411819532,16.890497966114538,17.181066513061523,26416600,0.0,0.0,BBDC4.SA
2025-12-11,17.08733642678748,17.52787779710119,17.04047116040298,17.377906799316406,22571700,0.0,0.0,BBDC4.SA
2025-12-12,17.452889391540218,17.602860364348285,17.35915708658642,17.490381240844727,29409300,0.0,0.0,BBDC4.SA
2025-12-15,17.659101493501048,17.88405798406724,17.63098126175705,17.734086990356445,22821300,0.0,0.0,BBDC4.SA
2025-12-16,17.621602869619533,17.659096501345566,17.209183647401737,17.246675491333008,30577300,0.0,0.0,BBDC4.SA
2025-12-17,17.19981139940401,17.21855821653129,16.749898515118616,17.1060791015625,48096300,0.0,0.0,BBDC4.SA
2025-12-18,16.937363226404507,17.3122906721095,16.937363226404507,17.181066513061523,22975800,0.0,0.0,BBDC4.SA
2025-12-19,17.15294373629149,17.527872914099135,17.12482529941229,17.340408325195312,33688200,0.0,0.0,BBDC4.SA
2025-12-22,17.293540544039942,17.33103238366357,17.03109051549633,17.096702575683594,19424900,0.0,0.0,BBDC4.SA
2025-12-23,17.143572782383853,17.359155816548494,17.134199373794754,17.25605010986328,26477700,0.0,0.0,BBDC4.SA
2025-12-26,17.124824763812924,17.28416912305904,16.99359884056657,17.246675491333008,18043500,0.0,0.0,BBDC4.SA
2025-12-29,17.284172260991163,17.331037521362305,17.11545446318291,17.331037521362305,24923600,0.0,0.0,BBDC4.SA
2025-12-30,17.604478991098862,17.70978097577604,17.413022994995117,17.413022994995117,18087700,0.385644,0.0,BBDC4.SA
2026-01-02,17.585336235570594,17.66191900600718,17.422597620158182,17.441741943359375,19380800,0.0,0.0,BBDC4.SA
2026-01-05,17.44072490827886,18.178600311279297,17.411975803833258,18.178600311279297,50153200,0.018942,0.0,BBDC4.SA
2026-01-06,18.207355088237367,18.619416574783994,18.197772050436566,18.28401756286621,24993300,0.0,0.0,BBDC4.SA
2026-01-07,18.207354408253188,18.30318295490476,17.91987059607598,18.05402946472168,17154200,0.0,0.0,BBDC4.SA
2026-01-08,18.054029185295448,18.101942543990916,17.68029986969387,17.747379302978516,30919300,0.0,0.0,BBDC4.SA
2026-01-09,17.756959398985142,17.939031594091205,17.661130869689906,17.766542434692383,16397800,0.0,0.0,BBDC4.SA
2026-01-12,17.689875911052642,17.737791083527,17.536551014688573,17.63237953186035,18972100,0.0,0.0,BBDC4.SA
2026-01-13,17.58447156495899,17.613218849458345,17.30656896294857,17.4311466217041,25752700,0.0,0.0,BBDC4.SA
2026-01-14,17.536556138052518,17.747379302978516,17.402397271483228,17.747379302978516,31867300,0.0,0.0,BBDC4.SA
2026-01-15,17.814457753278695,18.27443255137313,17.756961360461233,18.11152458190918,37422400,0.0,0.0,BBDC4.SA
2026-01-16,18.111524064948156,18.274432029762192,17.89111970895779,18.12110710144043,28353400,0.0,0.0,BBDC4.SA
2026-01-19,18.11152458190918,18.28401558813894,18.044445152325913,18.11152458190918,10581700,0.0,0.0,BBDC4.SA
2026-01-20,17.996530961013544,18.48525484672259,17.900702425580484,18.37026023864746,25010600,0.0,0.0,BBDC4.SA
2026-01-21,18.5810791626502,18.993140532528347,18.54274885007717,18.935644149780273,74374300,0.0,0.0,BBDC4.SA
2026-01-22,18.973978391031316,19.721438832630735,18.868568638796955,19.4531192779541,56520800,0.0,0.0,BBDC4.SA
2026-01-23,19.491450485251328,20.104750206015414,19.443537129983138,19.922677993774414,37158300,0.0,0.0,BBDC4.SA
2026-01-26,19.913093963799604,20.066418886342003,19.529779829666353,20.008920669555664,34782400,0.0,0.0,BBDC4.SA
2026-01-27,20.277239921235484,20.765963790587815,20.277239921235484,20.53597640991211,34219200,0.0,0.0,BBDC4.SA
2026-01-28,20.603055797413575,20.81387710571289,20.440147841253168,20.81387710571289,31338800,0.0,0.0,BBDC4.SA
2026-01-29,20.928873163867387,21.10136416799565,20.277241293950542,20.545560836791992,31208200,0.0,0.0,BBDC4.SA
2026-01-30,20.545558085468958,20.7372133094528,20.17182701731282,20.42098045349121,26351100,0.0,0.0,BBDC4.SA
2026-02-02,20.488060955691626,20.698884089322213,20.42098153236451,20.679718017578125,25109800,0.0,0.0,BBDC4.SA
2026-02-03,20.90889416383701,21.21581525861924,20.688296170504294,20.793800354003906,24905100,0.018942,0.0,BBDC4.SA
2026-02-04,20.410149891792802,20.544426603977183,19.815492483264975,20.122411727905273,46217700,0.0,0.0,BBDC4.SA
2026-02-05,20.23750788592564,20.400558967556332,19.614077925355243,20.285463333129883,61032100,0.0,0.0,BBDC4.SA
2026-02-06,19.18247393753003,19.85386125709689,19.019422835885695,19.767539978027344,94063600,0.0,0.0,BBDC4.SA
2026-02-09,19.96895369030058,20.084049330866065,19.49898333097589,20.055274963378906,40230200,0.0,0.0,BBDC4.SA
2026-02-10,20.026499291487397,20.314237459468014,19.901814032597244,20.064865112304688,25521200,0.0,0.0,BBDC4.SA
2026-02-11,20.314237932391993,20.717069913436536,20.160778304316267,20.659523010253906,50967100,0.0,0.0,BBDC4.SA
2026-02-12,20.51565177276501,20.736251575549474,20.362192153930664,20.362192153930664,32620300,0.0,0.0,BBDC4.SA
2026-02-13,20.13200258119322,20.256689663965606,19.575711009565435,20.11281967163086,45493100,0.0,0.0,BBDC4.SA
2026-02-18,20.18955168621935,20.30464732678483,19.853859879118243,20.055274963378906,28450400,0.0,0.0,BBDC4.SA
2026-02-19,20.055274996067844,20.62115808522227,19.949770811159446,20.458106994628906,42690400,0.0,0.0,BBDC4.SA
2026-02-20,20.227916307510032,20.95685044275345,20.179960860597625,20.870529174804688,36313800,0.0,0.0,BBDC4.SA
2026-02-23,20.745841201016532,20.860936829833772,20.28546234451349,20.362192153930664,37464600,0.0,0.0,BBDC4.SA
2026-02-24,20.44851204753267,20.630746018701913,20.18954827208946,20.52524185180664,30613800,0.0,0.0,BBDC4.SA
2026-02-25,20.69788799005675,20.707479445941964,20.208734716209715,20.30464744567871,34124600,0.0,0.0,BBDC4.SA
2026-02-26,20.323828625564843,20.506060783705646,19.853858303536512,20.122411727905273,40191400,0.0,0.0,BBDC4.SA
2026-02-27,20.621156951708727,21.004806017491816,20.256690796560555,20.285463333129883,69034600,0.0,0.0,BBDC4.SA
2026-03-02,20.093638735662037,20.486879237597922,19.662032414326085,20.362192153930664,32108900,0.0,0.0,BBDC4.SA
2026-03-03,19.593192679470846,19.679591030476217,19.122802674561946,19.391597747802734,57300000,0.018942,0.0,BBDC4.SA
2026-03-04,19.72758882850383,19.8619872774164,19.343597183789186,19.66999053955078,64157000,0.0,0.0,BBDC4.SA
2026-03-05,19.554791784571055,19.57398999140697,19.007601691878772,19.036401748657227,46790000,0.0,0.0,BBDC4.SA
2026-03-06,18.921207222124362,19.036405641780945,18.56601560429869,18.767610549926758,37187000,0.0,0.0,BBDC4.SA
2026-03-09,18.5468155625198,18.950007284792697,18.345220616891734,18.767610549926758,38655600,0.0,0.0,BBDC4.SA
2026-03-10,19.00760437959222,19.439596137271582,18.892407798222155,19.22840118408203,32907500,0.0,0.0,BBDC4.SA
2026-03-11,19.017203677781236,19.458795438976708,18.95000536936415,19.14200210571289,23976900,0.0,0.0,BBDC4.SA
2026-03-12,18.7772084390861,18.806008498484836,18.393216802185716,18.614011764526367,45693900,0.0,0.0,BBDC4.SA
2026-03-13,18.70041051735502,18.863607195454815,18.11482394501061,18.23002052307129,33706400,0.0,0.0,BBDC4.SA
2026-03-16,18.56601744191721,18.700414085638172,18.2396240234375,18.2396240234375,34664900,0.0,0.0,BBDC4.SA
2026-03-17,18.153223215978947,18.431618318828544,17.932428236418943,18.095624923706055,24004200,0.0,0.0,BBDC4.SA
2026-03-18,17.97082829424414,18.172425083991303,17.855631698117374,17.884429931640625,26382300,0.0,0.0,BBDC4.SA
2026-03-19,17.529236093267233,17.990026082043485,17.346839369412056,17.894027709960938,33436700,0.0,0.0,BBDC4.SA
2026-03-20,17.894026932131293,17.96122524036306,17.394838714831067,17.596433639526367,53625700,0.0,0.0,BBDC4.SA
2026-03-23,17.999628970497533,18.508419141896365,17.999628970497533,18.2396240234375,30955400,0.0,0.0,BBDC4.SA
2026-03-24,18.086025623784245,18.182024002075195,17.874830656357574,18.182024002075195,23064400,0.0,0.0,BBDC4.SA
2026-03-25,18.527615340091543,18.681212010791533,18.38361869018739,18.5084171295166,29470000,0.0,0.0,BBDC4.SA
2026-03-26,18.278020738826555,18.43161739789093,18.047623919213386,18.066823959350586,50872800,0.0,0.0,BBDC4.SA
2026-03-27,17.96122830531666,18.057226689607717,17.70203504805276,17.778833389282227,20727200,0.0,0.0,BBDC4.SA
2026-03-30,18.01882626442911,18.03802630517837,17.644432793885237,17.730831146240234,32459400,0.0,0.0,BBDC4.SA
2026-03-31,18.047625235433436,18.470016994173957,17.884428544398467,18.40281867980957,41297600,0.0,0.0,BBDC4.SA
2026-04-01,18.43161933022376,18.84440925034993,18.41241928807367,18.652414321899414,48850400,0.0,0.0,BBDC4.SA
2026-04-02,18.103671008493414,18.62256508013902,18.074842847311867,18.37272834777832,29291200,0.018942,0.0,BBDC4.SA
2026-04-06,18.43038675484253,18.622569038492966,18.391949198430304,18.57452392578125,27976500,0.0,0.0,BBDC4.SA
2026-04-07,18.473834070742253,18.747085571289062,18.317689824319434,18.747085571289062,24923500,0.296826,0.0,BBDC4.SA
2026-04-08,20.054796383812473,20.054796383812473,19.352147227516227,19.6839542388916,67537800,0.0,0.0,BBDC4.SA
2026-04-09,19.713232159609767,19.87913566676618,19.508291657175896,19.801063537597656,32822000,0.0,0.0,BBDC4.SA
2026-04-10,19.986480042556384,20.14262427246807,19.84985430673017,19.947444915771484,33816800,0.0,0.0,BBDC4.SA
2026-04-13,19.742508404976693,20.210941188536612,19.63516038877739,20.093833923339844,34692500,0.0,0.0,BBDC4.SA
2026-04-14,20.21094017377778,20.464675050813053,20.18166428964169,20.279254913330078,32893100,0.0,0.0,BBDC4.SA
2026-04-15,20.162147047057243,20.47443557318071,20.11335266287037,20.29877281188965,37389800,0.0,0.0,BBDC4.SA
2026-04-16,20.474435024279455,20.679375527420234,20.328050014256835,20.34756851196289,35466500,0.0,0.0,BBDC4.SA
2026-04-17,20.786723427267233,21.069736058283322,20.620819920454515,20.74768829345703,49218700,0.0,0.0,BBDC4.SA
2026-04-20,20.67937576703255,20.757447897374995,20.454916763584905,20.523231506347656,20455500,0.0,0.0,BBDC4.SA
2026-04-22,20.28901494093406,20.38660370698352,19.85961729704812,19.918170928955078,35201800,0.0,0.0,BBDC4.SA
2026-04-23,19.908409793843564,20.054794790434855,19.449736308154524,19.488771438598633,19189100,0.0,0.0,BBDC4.SA
2026-04-24,19.557088682345753,19.65467745166413,19.35214817172695,19.439979553222656,21380800,0.0,0.0,BBDC4.SA
2026-04-27,19.44973790832092,19.557087783299977,19.2350381583628,19.25455665588379,17874000,0.0,0.0,BBDC4.SA
2026-04-28,18.96178769988626,19.17648560047442,18.883715566819063,19.098413467407227,26064600,0.0,0.0,BBDC4.SA
2026-04-29,19.030101324025285,19.039860573711685,18.551909257711035,18.649499893188477,33825900,0.0,0.0,BBDC4.SA
2026-04-30,18.77636474523346,19.010581132702022,18.74708699878,18.85443687438965,24009300,0.0,0.0,BBDC4.SA
2026-05-04,18.844675793374506,18.912988667071065,18.34696532037445,18.454315185546875,27527900,0.0,0.0,BBDC4.SA
2026-05-05,18.541203329309862,18.765885541169887,18.45328387888587,18.746349334716797,23567700,0.018942,0.0,BBDC4.SA
2026-05-06,19.019874231114855,19.18594409163986,18.68773451006484,18.824499130249023,31056000,0.0,0.0,BBDC4.SA
2026-05-07,18.463052843404853,18.463052843404853,17.994150351765086,18.091838836669922,53319900,0.0,0.0,BBDC4.SA
2026-05-08,18.189526295298652,18.39467042509673,18.072299747376345,18.160219192504883,37000000,0.0,0.0,BBDC4.SA
2026-05-11,18.033222657651134,18.11137492763919,17.622934419729862,17.671777725219727,33701700,0.0,0.0,BBDC4.SA
2026-05-12,17.642473033472516,17.7792376613774,17.51547930390326,17.544784545898438,29020600,0.0,0.0,BBDC4.SA
2026-05-13,17.505711268656828,17.837851027427064,17.23218386047751,17.241952896118164,54103500,0.0,0.0,BBDC4.SA
2026-05-14,17.388482760730646,17.64247206924055,17.368946554885902,17.42755889892578,28467200,0.0,0.0,BBDC4.SA
2026-05-15,17.12472790644723,17.329872061686018,17.066113693590722,17.281028747558594,34994000,0.0,0.0,BBDC4.SA
2026-05-18,17.28102944342381,17.39825414735119,17.08565245254075,17.25172233581543,17534300,0.0,0.0,BBDC4.SA
2026-05-19,17.07588025874237,17.251719145367737,16.86096709911844,16.987960815429688,37267200,0.0,0.0,BBDC4.SA
2026-05-20,17.105189006244885,17.603398611854296,17.105189006244885,17.447097778320312,40845900,0.0,0.0,BBDC4.SA
2026-05-21,17.300563787401757,17.671779657422462,17.232182406938172,17.48617172241211,20334500,0.0,0.0,BBDC4.SA
2026-05-22,17.388481597381904,17.515477174766833,17.193106509235964,17.212644577026367,20095600,0.0,0.0,BBDC4.SA
2026-05-25,17.349408141187805,17.652240753173828,17.32987007247831,17.652240753173828,13186100,0.0,0.0,BBDC4.SA
2026-05-26,17.466633173868093,17.613166828847024,17.281027107199673,17.42755889892578,26326900,0.0,0.0,BBDC4.SA
2026-05-27,17.681545047417885,17.77923351219417,17.505706183471073,17.5838565826416,23973800,0.0,0.0,BBDC4.SA
2026-05-28,17.671779657422462,17.789004348716357,17.40802130713189,17.48617172241211,31080500,0.0,0.0,BBDC4.SA
2026-05-29,17.5252475211929,17.53501655581974,17.290796279907227,17.290796279907227,59372500,0.0,0.0,BBDC4.SA
2026-06-01,17.378715338113086,17.398251543675308,17.066111826831182,17.09541893005371,27399600,0.0,0.0,BBDC4.SA
2026-06-02,17.211738379216346,17.505119530939904,17.18239951793524,17.358428955078125,21483700,0.018942,0.0,BBDC4.SA
2026-06-03,17.123723546071417,17.23129750477716,16.928134869383133,16.986812591552734,30635400,0.0,0.0,BBDC4.SA
2026-06-05,17.025930309957978,17.182400515329483,16.93791558627751,17.084606170654297,24164700,0.0,0.0,BBDC4.SA
2026-06-08,17.016151098808766,17.123725067069664,16.801005027559,16.82056427001953,18139400,0.0,0.0,BBDC4.SA
2026-06-09,16.947694019721357,17.231297412879677,16.869458922517655,17.045488357543945,26754000,0.0,0.0,BBDC4.SA
2026-06-10,16.96725284401564,17.025928699160726,16.781443793239095,16.87923812866211,19825200,0.0,0.0,BBDC4.SA
2026-06-11,16.840119122508522,17.358427778374722,16.791222888959826,17.28997230529785,31243100,0.0,0.0,BBDC4.SA
2026-06-12,17.123724204327956,17.593134808098313,17.094385342115334,17.407325744628906,22078400,0.0,0.0,BBDC4.SA
2026-06-15,17.671370125635203,17.866958812242917,17.153063277087078,17.260635375976562,18201800,0.0,0.0,BBDC4.SA
2026-06-16,17.153064531436993,17.299755124483827,17.084607180427852,17.270416259765625,19627200,0.0,0.0,BBDC4.SA
2026-06-17,17.35843049219161,17.58335618611528,17.113945555681866,17.162841796875,30207900,0.0,0.0,BBDC4.SA
2026-06-18,17.23129862030307,17.426885444381462,17.006371067968544,17.084606170654297,25189700,0.0,0.0,BBDC4.SA
2026-06-19,17.13350427562788,17.201959757318917,17.01615068896326,17.084606170654297,20299600,0.0,0.0,BBDC4.SA
2026-06-22,17.123722499851844,17.426883251451596,17.123722499851844,17.28997230529785,21753800,0.0,0.0,BBDC4.SA
2026-06-23,17.104164306154555,17.53445827572595,17.08460506543043,17.446443557739258,21980600,0.0,0.0,BBDC4.SA
2026-06-24,17.368209340138,17.60291464490409,17.221518757818192,17.260635375976562,76122900,0.0,0.0,BBDC4.SA
2026-06-25,17.39754634559514,17.67136823929025,17.153061446069216,17.23129653930664,51834700,0.0,0.0,BBDC4.SA
2026-06-26,17.289972002202855,17.70070669873561,17.094383340893273,17.524677276611328,54809800,0.0,0.0,BBDC4.SA
2026-06-29,17.57357257347118,17.847396311668533,17.43666163700831,17.769161224365234,18900500,0.0,0.0,BBDC4.SA
2026-06-30,17.661589907175525,17.769163867697063,17.44644385140434,17.700708389282227,25467200,0.0,0.0,BBDC4.SA
2026-07-01,17.514898056575905,17.81805880977705,17.44644258313743,17.720266342163086,56556800,0.0,0.0,BBDC4.SA
2026-07-02,17.934603303570388,18.042289839742285,17.67028282417966,17.777969360351562,25735800,0.018942,0.0,BBDC4.SA
2026-07-03,17.91502157671447,18.00312839325763,17.817126773643118,17.875864028930664,11813000,0.0,0.0,BBDC4.SA
2026-07-06,17.88214683532715,17.902105045203324,17.67258943826662,17.88214683532715,35102000,0.346297,0.0,BBDC4.SA
2026-07-07,17.892126423519738,18.111661028128186,17.682569020799203,17.782358169555664,22292100,0.0,0.0,BBDC4.SA
2026-07-08,17.712508308934403,17.75242473421007,17.532888201833742,17.65263557434082,34277500,0.0,0.0,BBDC4.SA
2026-07-09,17.712505102157593,18.011870624246512,17.682567788620872,17.961977005004883,20018900,0.0,0.0,BBDC4.SA
2026-07-10,18.351155262375478,18.83014283278601,18.281303423839734,18.82016372680664,48063400,0.0,0.0,BBDC4.SA
2026-07-13,18.760287814314587,18.959866113681226,18.650521462650687,18.7303524017334,24114300,0.0,0.0,BBDC4.SA
2026-07-14,18.86007687566151,18.949886919623875,18.34117482239445,18.590646743774414,53143500,0.0,0.0,BBDC4.SA
2026-07-15,18.590646318738994,18.64054184386606,18.440963549997132,18.560710906982422,22326000,0.0,0.0,BBDC4.SA
2026-07-16,18.42100644829571,18.500839293302374,18.151578209677353,18.371112823486328,19600800,0.0,0.0,BBDC4.SA
2026-07-17,18.381092136932683,18.44096486804483,18.171534723060457,18.251367568969727,55082500,0.0,0.0,BBDC4.SA
2026-07-20,18.321219198676946,18.470901976424873,18.241388256990067,18.371112823486328,12804800,0.0,0.0,BBDC4.SA
2026-07-21,18.38109200705037,18.600626621790198,18.31124017069314,18.51081657409668,19403200,0.0,0.0,BBDC4.SA
2026-07-22,18.550733229723953,18.929929733276367,18.460923180902626,18.929929733276367,36477500,0.0,0.0,BBDC4.SA
2026-07-23,18.760289013031283,18.949888219212344,18.640543548415764,18.680458068847656,19179800,0.0,0.0,BBDC4.SA
2026-07-24,18.5806693136315,18.60062562057381,18.381091017650874,18.440963745117188,13967900,0.0,0.0,BBDC4.SA
2026-07-27,18.578539534471176,18.737927332197717,18.50880951420047,18.6383113861084,15130368,0.0,0.0,BBDC4.SA
2026-07-28,18.87739182126449,19.08658759914895,18.648272092156812,18.698081970214844,20158531,0.0,0.0,BBDC4.SA
2026-07-29,18.578539530339548,18.588501505610203,18.27968978881836,18.27968978881836,22522604,0.0,0.0,BBDC4.SA
2026-07-30,17.911110401652344,18.319538116455078,17.652106624954058,18.319538116455078,48017329,0.0,0.0,BBDC4.SA
2026-07-31,18.439078439274372,18.64827231635409,18.359384536743164,18.359384536743164,25236379,0.0,0.0,BBDC4.SA
2026-08-03,18.57853974482463,18.618387646367285,18.299613950624614,18.478923797607422,18993223,0.0,0.0,BBDC4.SA
2026-08-04,18.79700170542216,18.806973881723525,18.049111346044043,18.168773651123047,31739183,0.018942,0.0,BBDC4.SA
2026-08-05,18.30002141674159,18.389923422598812,17.990360010604842,18.030315399169922,37330400,0.0,0.0,BBDC4.SA
2026-08-06,17.70067513618669,17.97038115055965,17.52087303187333,17.68069839477539,58573100,0.0,0.0,BBDC4.SA
2026-08-07,17.77060043135597,17.80056649616083,17.231188401645102,17.291122436523438,26547600,0.0,0.0,BBDC4.SA
2026-08-10,17.291121807949533,17.30111113094422,17.001439062177727,17.161264419555664,31144700,0.0,0.0,BBDC4.SA
2026-08-11,17.151275116550195,17.2311877953323,16.75171172263968,16.771690368652344,51847000,0.0,0.0,BBDC4.SA
2026-08-12,16.861591255459548,16.88156990240859,16.651821178300498,16.721744537353516,44453700,0.0,0.0,BBDC4.SA
2026-08-13,16.71175571282522,17.01142971020203,16.541941019225632,16.64183235168457,41325600,0.0,0.0,BBDC4.SA
2026-08-14,16.5419398603842,16.641831185845277,16.33216979165765,16.521963119506836,41889000,0.0,0.0,BBDC4.SA
2026-08-17,16.472016570382724,16.521963185948398,16.16235517494982,16.20231056213379,40198100,0.0,0.0,BBDC4.SA
2026-08-18,16.23227819411957,16.342158840811845,16.03249554654607,16.102420806884766,26514900,0.0,0.0,BBDC4.SA
2026-08-19,16.292213823216088,16.452039194833254,15.982552403866418,16.002531051635742,38268000,0.0,0.0,BBDC4.SA
2026-08-20,15.942595354674383,16.022508989577,15.662900966735343,15.732824325561523,36972400,0.0,0.0,BBDC4.SA
2026-08-21,15.822726620419319,16.262247333561152,15.762791631305676,16.2222900390625,41406100,0.0,0.0,BBDC4.SA
2026-08-24,16.072454282856942,16.501985680060855,16.042486311446655,16.25225830078125,26780200,0.0,0.0,BBDC4.SA
2026-08-25,16.262246849119588,16.791667648574958,16.232278879138324,16.761701583862305,46776100,0.0,0.0,BBDC4.SA
2026-08-26,16.761701710846825,17.271145772776112,16.74172306404129,16.971471786499023,34729800,0.0,0.0,BBDC4.SA
2026-08-27,16.821635168142183,17.02141781879736,16.781677875903725,16.911537170410156,23903200,0.0,0.0,BBDC4.SA
2026-08-28,16.9914513021803,17.13129802643298,16.851604577927628,17.06137466430664,30888800,0.0,0.0,BBDC4.SA
2026-08-31,17.271146444337482,17.361046547920747,17.11131916894723,17.171255111694336,40273400,0.0,0.0,BBDC4.SA
2026-09-01,17.321091276442896,17.520873943095037,17.041395924183647,17.381025314331055,45884200,0.0,0.0,BBDC4.SA
2026-09-02,17.6200008392334,17.809999465942383,17.479999542236328,17.75,90113300,0.018975,0.0,BBDC4.SA
2026-09-03,17.959999084472656,18.1200008392334,17.649999618530273,17.790000915527344,75715700,0.0,0.0,BBDC4.SA
2026-09-04,17.739999771118164,17.979999542236328,17.6299991607666,17.899999618530273,44532700,0.0,0.0,BBDC4.SA
2026-09-08,18.100000381469727,18.489999771118164,18.079999923706055,18.219999313354492,43084300,0.0,0.0,BBDC4.SA
2026-09-09,18.0,18.149999618530273,17.739999771118164,17.790000915527344,30056500,0.0,0.0,BBDC4.SA
2026-09-10,17.75,18.549999237060547,17.65999984741211,18.479999542236328,51431900,0.0,0.0,BBDC4.SA
2026-09-11,18.5,18.59000015258789,18.3700008392334,18.59000015258789,34171600,0.0,0.0,BBDC4.SA
2024-09-11,11.694604689430008,11.694604689430008,11.448402723769501,11.465988159179688,21490600,0.0,0.0,ABEV3.SA
2024-09-12,11.395644647949178,11.422023220130258,11.219786102475826,11.351679801940918,34492700,0.0,0.0,ABEV3.SA
2024-09-13,11.386851884358526,11.430816731808193,11.18461476007366,11.19340705871582,21946500,0.0,0.0,ABEV3.SA
2024-09-16,11.219786558920626,11.316508553225905,11.210993421649313,11.30771541595459,20765800,0.0,0.0,ABEV3.SA
2024-09-17,11.24616516183391,11.422023714925345,11.24616516183391,11.395645141601562,26068700,0.0,0.0,ABEV3.SA
2024-09-18,11.307714816340338,11.553917615523378,11.298922518094978,11.413229942321777,26897100,0.0,0.0,ABEV3.SA
2024-09-19,11.430815198608387,11.527537179176692,11.334093218040081,11.386850357055664,44713200,0.0,0.0,ABEV3.SA
2024-09-20,11.39564422932066,11.430815937123267,11.193406280535918,11.219785690307617,41412300,0.0,0.0,ABEV3.SA
2024-09-23,11.167028917634346,11.307715764067574,11.123064068484025,11.210993766784668,20009400,0.0,0.0,ABEV3.SA
2024-09-24,11.24616426151966,11.342886248336917,11.158234572733308,11.219785690307617,22598600,0.0,0.0,ABEV3.SA
2024-09-25,11.23737152609518,11.413230071386245,11.149442672729492,11.149442672729492,33524600,0.0,0.0,ABEV3.SA
2024-09-26,11.219786242492868,11.316508234070328,11.184614532959273,11.290129661560059,16241400,0.0,0.0,ABEV3.SA
2024-09-27,11.254958499083065,11.422023917848069,11.246165361632343,11.3604736328125,24958600,0.0,0.0,ABEV3.SA
2024-09-30,11.37805921147242,11.580297182569929,11.342887499789342,11.501160621643066,31164900,0.0,0.0,ABEV3.SA
2024-10-01,11.606674234001208,12.06390726445611,11.545123956270603,11.958392143249512,65825500,0.0,0.0,ABEV3.SA
2024-10-02,12.046321349953667,12.178215884304784,11.96718479705493,12.063907623291016,51056800,0.0,0.0,ABEV3.SA
2024-10-03,11.914428185867054,11.98477160523633,11.782533645629883,11.782533645629883,45000000,0.0,0.0,ABEV3.SA
2024-10-04,11.659432730554496,11.826498136894951,11.580296176502818,11.677018165588379,36607700,0.0,0.0,ABEV3.SA
2024-10-07,11.791326774377497,11.791326774377497,11.553917943813502,11.580296516418457,20788600,0.0,0.0,ABEV3.SA
2024-10-08,11.457195772399281,11.545125470886852,11.439610335837619,11.501160621643066,35995700,0.0,0.0,ABEV3.SA
2024-10-09,11.386852349033127,11.562710907448514,11.386852349033127,11.501160621643066,28383000,0.0,0.0,ABEV3.SA
2024-10-10,11.474782104727108,11.59788267695171,11.474782104727108,11.527539253234863,19340400,0.0,0.0,ABEV3.SA
2024-10-11,11.509952851767409,11.536331423810111,11.290129461438955,11.325301170349121,31193700,0.0,0.0,ABEV3.SA
2024-10-14,11.307715646667912,11.404438481506366,11.29013021032621,11.3604736328125,21045900,0.0,0.0,ABEV3.SA
2024-10-15,11.36926601612675,11.386851451301988,11.263750889396253,11.325301170349121,33545800,0.0,0.0,ABEV3.SA
2024-10-16,11.334095375843972,11.430817374826372,11.298923663617666,11.378059387207031,34342600,0.0,0.0,ABEV3.SA
2024-10-17,11.23737199490353,11.395645111548278,11.210993421649313,11.30771541595459,18266900,0.0,0.0,ABEV3.SA
2024-10-18,11.395644588169452,11.395644588169452,11.25495775252879,11.325301170349121,19422900,0.0,0.0,ABEV3.SA
2024-10-21,11.325301631932287,11.378058778167906,11.263751348470826,11.281336784362793,28877400,0.0,0.0,ABEV3.SA
2024-10-22,11.228578947186723,11.342886369849996,11.19340640044766,11.272542953491211,34756100,0.0,0.0,ABEV3.SA
2024-10-23,11.202200629242654,11.272544052459267,11.167028917634346,11.210993766784668,22384200,0.0,0.0,ABEV3.SA
2024-10-24,11.18461479055768,11.334094769158131,11.149443080214027,11.281336784362793,19295300,0.0,0.0,ABEV3.SA
2024-10-25,11.272544052459267,11.290130327543295,11.193407491700638,11.210993766784668,19204000,0.0,0.0,ABEV3.SA
2024-10-28,11.263750631337663,11.430816035193468,11.237371221339641,11.334094047546387,20050900,0.0,0.0,ABEV3.SA
2024-10-29,11.342886525000818,11.457194787787298,11.316507953145377,11.413229942321777,21500600,0.0,0.0,ABEV3.SA
2024-10-30,11.474780678798744,11.509952386286509,11.342886146799886,11.36926555633545,21176300,0.0,0.0,ABEV3.SA
2024-10-31,11.079099454248453,11.290129712400308,10.973583486612823,11.11427116394043,61215800,0.0,0.0,ABEV3.SA
2024-11-01,10.999962865741283,11.12306343002456,10.97358345462941,11.026341438293457,29027800,0.0,0.0,ABEV3.SA
2024-11-04,11.070306375775978,11.175821505410351,10.99996295601973,11.140649795532227,19442900,0.0,0.0,ABEV3.SA
2024-11-05,11.079099254613066,11.202199817036966,11.05271984389964,11.149442672729492,18352000,0.0,0.0,ABEV3.SA
2024-11-06,11.008756203900266,11.035134776934356,10.850483088576294,10.991169929504395,39053800,0.0,0.0,ABEV3.SA
2024-11-07,10.894447480445562,11.158234876875397,10.894447480445562,11.035134315490723,23946600,0.0,0.0,ABEV3.SA
2024-11-08,10.90324034737908,11.035134891032694,10.824104627458583,10.841690063476562,35013400,0.0,0.0,ABEV3.SA
2024-11-11,10.824105198125954,11.035135472825981,10.780140347923506,10.999963760375977,20684800,0.0,0.0,ABEV3.SA
2024-11-12,10.929620190459259,11.114271888011723,10.815311916873469,11.061513900756836,26899600,0.0,0.0,ABEV3.SA
2024-11-13,11.00875620883471,11.22857960752333,10.955998224183165,11.19340705871582,30341700,0.0,0.0,ABEV3.SA
2024-11-14,11.15823517213562,11.342886857658419,11.08789175275167,11.11427116394043,38027500,0.0,0.0,ABEV3.SA
2024-11-18,10.973584059940741,11.140650318625978,10.885655200396707,10.92082691192627,37251000,0.0,0.0,ABEV3.SA
2024-11-19,10.947205225189588,11.079099769203756,10.920826651810644,10.929619789123535,28564100,0.0,0.0,ABEV3.SA
2024-11-21,10.824104857647159,10.973584001937892,10.815311720171309,10.894448280334473,18400700,0.0,0.0,ABEV3.SA
2024-11-22,10.982376425783213,11.167028107978753,10.96479099053395,11.149442672729492,24116600,0.0,0.0,ABEV3.SA
2024-11-25,11.070306284920214,11.158235139614025,11.026341438293457,11.026341438293457,22015800,0.0,0.0,ABEV3.SA
2024-11-26,11.070306143384268,11.175821270803633,11.026341297319611,11.087891578674316,16924800,0.0,0.0,ABEV3.SA
2024-11-27,11.105477733013304,11.202199722466931,10.999962606729433,11.035134315490723,48572000,0.0,0.0,ABEV3.SA
2024-11-28,11.03513474577488,11.254958143744261,10.832896783591998,10.903240203857422,40805900,0.0,0.0,ABEV3.SA
2024-11-29,10.841689956237918,11.19340705871582,10.771346535742337,11.19340705871582,62396000,0.0,0.0,ABEV3.SA
2024-12-02,11.131857116691844,11.668226762613795,11.07909996898264,11.650640487670898,87464600,0.0,0.0,ABEV3.SA
2024-12-03,11.650639516076057,12.204594552184568,11.597881534206813,12.178215980529785,72892200,0.0,0.0,ABEV3.SA
2024-12-04,12.222179588753216,12.362867256299314,12.116664467013377,12.24855899810791,50659000,0.0,0.0,ABEV3.SA
2024-12-05,12.354074334473724,12.714584549654523,12.310109490011751,12.679412841796875,38794000,0.0,0.0,ABEV3.SA
2024-12-06,12.57389871916653,12.77613584580713,12.44200417528117,12.503555297851562,46449200,0.0,0.0,ABEV3.SA
2024-12-09,12.503554603796188,12.60027659309543,12.433211186385888,12.49476146697998,25321800,0.0,0.0,ABEV3.SA
2024-12-10,12.600276828601835,12.74975680303251,12.54751968383789,12.54751968383789,22942500,0.0,0.0,ABEV3.SA
2024-12-11,12.54751981271777,12.62665553067652,12.011150191230339,12.134251594543457,49150600,0.0,0.0,ABEV3.SA
2024-12-12,11.870463476968329,11.940806897154475,11.518746376037598,11.518746376037598,49616900,0.0,0.0,ABEV3.SA
2024-12-13,11.518746896764481,11.747362603424609,11.439610335837619,11.501160621643066,30867900,0.0,0.0,ABEV3.SA
2024-12-16,11.501159918761626,11.800119869077033,11.290129661560059,11.290129661560059,32095500,0.0,0.0,ABEV3.SA
2024-12-17,11.430816681525059,11.597882094827227,11.422023544361862,11.518746376037598,39564500,0.0,0.0,ABEV3.SA
2024-12-18,11.492366216137917,11.501159352728484,11.21099255371705,11.219785690307617,40864200,0.0,0.0,ABEV3.SA
2024-12-19,11.21978600958026,11.35167970795332,11.114270883169873,11.237371444702148,38104000,0.0,0.0,ABEV3.SA
2024-12-20,11.207313249997572,11.41142019728624,11.142370492360653,11.346476554870605,86074600,0.6676,0.0,ABEV3.SA
2024-12-23,11.23514529903802,11.448530027664505,11.12381448249412,11.337199211120605,40181700,0.0,0.0,ABEV3.SA
2024-12-26,11.300088825580996,11.355753790905196,11.123814370904132,11.262978553771973,21166800,0.0,0.0,ABEV3.SA
2024-12-27,11.281533575366533,11.309366058838032,11.105260000342112,11.19803524017334,37624000,0.0,0.0,ABEV3.SA
2024-12-30,11.1887583348964,11.28153357472233,10.891875267028809,10.891875267028809,38907400,0.0,0.0,ABEV3.SA
2025-01-02,10.873319446960732,11.031038311588402,10.659934736379165,10.761988639831543,33417900,0.0,0.0,ABEV3.SA
2025-01-03,10.659935726495403,10.715601577619656,10.455829670190079,10.511494636535645,41365900,0.0,0.0,ABEV3.SA
2025-01-06,10.539326103588458,10.669212487169954,10.400162816362899,10.474383354187012,50881500,0.0,0.0,ABEV3.SA
2025-01-07,10.48366199214175,10.743433895576473,10.455829509396985,10.706323623657227,34905200,0.0,0.0,ABEV3.SA
2025-01-08,10.650656643544435,10.697044699717216,10.46510530363189,10.594991683959961,39248800,0.0,0.0,ABEV3.SA
2025-01-09,10.604270363369992,10.678490905572762,10.483661761095826,10.576436996459961,24470100,0.0,0.0,ABEV3.SA
2025-01-10,10.576436643593615,10.604270009575027,10.279554484687544,10.353775024414062,31277300,0.0,0.0,ABEV3.SA
2025-01-13,10.37233071872925,10.492939318339896,10.316664870917169,10.427995681762695,28945300,0.0,0.0,ABEV3.SA
2025-01-14,10.400163650512695,10.548604738066702,10.344497800290606,10.400163650512695,42625300,0.0,0.0,ABEV3.SA
2025-01-15,10.483661325010432,10.604269922267683,10.3537749391691,10.567159652709961,45380700,0.0,0.0,ABEV3.SA
2025-01-16,10.594992099683097,10.594992099683097,10.2424440976268,10.27955436706543,29298500,0.0,0.0,ABEV3.SA
2025-01-17,10.056893247832281,10.288832664489746,9.991950494297361,10.288832664489746,51433600,0.0,0.0,ABEV3.SA
2025-01-20,10.251723289489746,10.307388258878092,10.010506062730284,10.251723289489746,22293700,0.0,0.0,ABEV3.SA
2025-01-21,10.196055836576205,10.446550813882236,10.196055836576205,10.437273025512695,26293900,0.0,0.0,ABEV3.SA
2025-01-22,10.372330427855717,10.40944069709687,10.149667927630201,10.223889350891113,44993500,0.0,0.0,ABEV3.SA
2025-01-23,10.223890804795573,10.35377632322087,10.18677964549836,10.251723289489746,35708100,0.0,0.0,ABEV3.SA
2025-01-24,10.251722037268143,10.325942577239246,10.084725379943848,10.084725379943848,44514500,0.0,0.0,ABEV3.SA
2025-01-27,10.084725289221913,10.316664695739746,10.056892808177787,10.316664695739746,34876400,0.0,0.0,ABEV3.SA
2025-01-28,10.25172333602305,10.400164434770739,10.223890851202542,10.307388305664062,39022900,0.0,0.0,ABEV3.SA
2025-01-29,10.372329848623135,10.390884539818236,10.121834881650052,10.17750072479248,26199700,0.0,0.0,ABEV3.SA
2025-01-30,10.196057481603296,10.335221675263309,10.16822499678279,10.307388305664062,22347200,0.0,0.0,ABEV3.SA
2025-01-31,10.335220277909244,10.427995509693678,10.298110008239746,10.298110008239746,26952000,0.0,0.0,ABEV3.SA
2025-02-03,10.344497507151765,10.409441144700297,10.16822394187123,10.233166694641113,29524300,0.0,0.0,ABEV3.SA
2025-02-04,10.205334486841831,10.205334486841831,10.038337821200699,10.112558364868164,23133400,0.0,0.0,ABEV3.SA
2025-02-05,10.14966852175994,10.14966852175994,9.945562471375187,10.038337707519531,44675800,0.0,0.0,ABEV3.SA
2025-02-06,10.019783071146618,10.112558307818222,9.954839432219961,10.075448036193848,24218200,0.0,0.0,ABEV3.SA
2025-02-07,10.075448550914183,10.131114403583858,10.01978358302322,10.066171646118164,33491500,0.0,0.0,ABEV3.SA
2025-02-10,10.149667360831986,10.41871701900017,10.112557093663222,10.17750072479248,50519600,0.0,0.0,ABEV3.SA
2025-02-11,10.233166130230446,10.233166130230446,10.001226729097887,10.16822338104248,35802500,0.0,0.0,ABEV3.SA
2025-02-12,10.047615672703769,10.242444822234535,10.019783189850425,10.13111400604248,39414800,0.0,0.0,ABEV3.SA
2025-02-13,10.08472505060959,10.196055856930542,10.056892570224,10.18677806854248,21078300,0.0,0.0,ABEV3.SA
2025-02-14,10.251722450203387,10.381607957995238,10.205334389658297,10.325942993164062,34084700,0.0,0.0,ABEV3.SA
2025-02-17,10.363052758966711,10.418717721081649,10.270276642403658,10.298110008239746,9559900,0.0,0.0,ABEV3.SA
2025-02-18,10.335220724776972,10.363053207037844,10.242444604202522,10.288832664489746,18776800,0.0,0.0,ABEV3.SA
2025-02-19,10.205333203974414,10.242443471143178,10.140390457623715,10.17750072479248,16856200,0.0,0.0,ABEV3.SA
2025-02-20,10.140391963391899,10.279555264744777,10.112558595298369,10.24244499206543,24406000,0.0,0.0,ABEV3.SA
2025-02-21,10.223889463999784,10.363052753999037,10.214611675392202,10.316664695739746,34245000,0.0,0.0,ABEV3.SA
2025-02-24,10.36305308495953,10.36305308495953,10.186778634900348,10.233166694641113,28954600,0.0,0.0,ABEV3.SA
2025-02-25,10.233166815189346,10.335220724776972,10.223889910954828,10.288832664489746,24354400,0.0,0.0,ABEV3.SA
2025-02-26,10.882597421681357,10.984651335177679,10.622825512813675,10.854764938354492,79612200,0.0,0.0,ABEV3.SA
2025-02-27,10.826931502835778,11.587692468574135,10.81765371428321,11.429973602294922,66169900,0.0,0.0,ABEV3.SA
2025-02-28,11.4206975447232,11.587693327149708,11.225868394576706,11.337199211120605,79761000,0.0,0.0,ABEV3.SA
2025-03-05,11.596970024403765,11.995906076372405,11.522749487029868,11.856741905212402,54086900,0.0,0.0,ABEV3.SA
2025-03-06,11.847466578904623,12.097960704695723,11.782522936472422,11.921687126159668,40524500,0.0,0.0,ABEV3.SA
2025-03-07,11.856742440601371,12.17218018107326,11.801077477446706,12.15362548828125,30190400,0.0,0.0,ABEV3.SA
2025-03-10,12.060848419789991,12.302065600532648,12.042292843681219,12.172179222106934,27718600,0.0,0.0,ABEV3.SA
2025-03-11,12.135070454770133,12.209290998823024,11.819632700156017,11.930963516235352,32659900,0.0,0.0,ABEV3.SA
2025-03-12,11.968074515745087,12.162903676921342,11.940242031228115,12.088683128356934,38219900,0.0,0.0,ABEV3.SA
2025-03-13,12.13506975491924,12.367009162902832,12.005183367928124,12.367009162902832,35316500,0.0,0.0,ABEV3.SA
2025-03-14,12.41339725131728,12.654614448547363,12.41339725131728,12.654614448547363,41772200,0.0,0.0,ABEV3.SA
2025-03-17,12.58680960360845,12.820939253842589,12.558714295657799,12.70855712890625,49697100,0.1276,0.0,ABEV3.SA
2025-03-18,12.643000857603054,12.764748380444907,12.418236612264424,12.689826965332031,31311700,0.0,0.0,ABEV3.SA
2025-03-19,12.689827408816397,12.895861754144159,12.633635898951098,12.811574935913086,35578000,0.0,0.0,ABEV3.SA
2025-03-20,12.811574744554068,12.820939251780288,12.596175001943767,12.736653327941895,18669000,0.0,0.0,ABEV3.SA
2025-03-21,12.764749017847953,12.877131146129026,12.71792290778073,12.858400344848633,28909800,0.0,0.0,ABEV3.SA
2025-03-24,12.886496226845372,12.914591534934699,12.62427037423253,12.680461883544922,21122400,0.0,0.0,ABEV3.SA
2025-03-25,12.633635710249854,12.792843943834157,12.511888184971635,12.736653327941895,20685600,0.0,0.0,ABEV3.SA
2025-03-26,12.67109609690092,12.67109609690092,12.380775838181941,12.530618667602539,29019200,0.0,0.0,ABEV3.SA
2025-03-27,12.549349716535792,12.624271138062936,12.47442829500865,12.605541229248047,20680800,0.0,0.0,ABEV3.SA
2025-03-28,12.511888121160789,12.577445030212402,12.40887139712787,12.577445030212402,37767300,0.0,0.0,ABEV3.SA
2025-03-31,12.474427916508391,12.849035905911512,12.465063408951984,12.643001556396484,41452600,0.0,0.0,ABEV3.SA
2025-04-01,12.549349458973234,12.783479119723733,12.483793439765902,12.746018409729004,31317800,0.0,0.0,ABEV3.SA
2025-04-02,12.736653835262562,12.820939762458194,12.596175503668963,12.802209854125977,35788800,0.0,0.0,ABEV3.SA
2025-04-03,12.774114287878115,13.24237359749505,12.746018086244797,12.970783233642578,44926800,0.0,0.0,ABEV3.SA
2025-04-04,12.858401044113931,13.017609291120287,12.699193690241387,12.83967113494873,59559600,0.0,0.0,ABEV3.SA
2025-04-07,12.446332808035882,12.736653982170953,12.16537703474183,12.343316078186035,50069000,0.0,0.0,ABEV3.SA
2025-04-08,12.324585149221866,12.624270827969168,12.315219748477569,12.399506568908691,39798300,0.0,0.0,ABEV3.SA
2025-04-09,12.352680443413742,12.998878803849998,12.315219733615539,12.802209854125977,51912400,0.0,0.0,ABEV3.SA
2025-04-10,12.802209344194113,12.867765360446331,12.66173191132972,12.736653327941895,21741000,0.0,0.0,ABEV3.SA
2025-04-11,12.858400091741647,12.858400091741647,12.586809730458308,12.62427043914795,35635500,0.0,0.0,ABEV3.SA
2025-04-14,12.783478734413562,12.867765552644634,12.671096607816715,12.811574935913086,23490300,0.0,0.0,ABEV3.SA
2025-04-15,12.811574619201194,12.980147358362343,12.755383110724992,12.79284381866455,22758200,0.0,0.0,ABEV3.SA
2025-04-16,12.727288737718979,13.186182666962205,12.708557935806786,13.008244514465332,60471500,0.0,0.0,ABEV3.SA
2025-04-17,13.017608196769157,13.204912631477912,12.914591472186332,13.111260414123535,56058800,0.0,0.0,ABEV3.SA
2025-04-22,12.970783293911845,13.298564276286493,12.86776567371184,13.12999153137207,28032800,0.0,0.0,ABEV3.SA
2025-04-23,13.261104464445085,13.392217402147589,13.092530814989553,13.158087730407715,35704200,0.0,0.0,ABEV3.SA
2025-04-24,13.186183477498398,13.289200214946376,13.092531248448344,13.251739501953125,38150200,0.0,0.0,ABEV3.SA
2025-04-25,13.176817255658667,13.326660098303375,13.064435123675135,13.195548057556152,24152700,0.0,0.0,ABEV3.SA
2025-04-28,13.214277641319493,13.429677392173927,13.158087023276611,13.392216682434082,28336600,0.0,0.0,ABEV3.SA
2025-04-29,13.317294944901017,13.673172125497105,13.279834236055835,13.588885307312012,59612200,0.0,0.0,ABEV3.SA
2025-04-30,13.53269461835646,13.8230157993675,13.523329217293632,13.645076751708984,46988000,0.0,0.0,ABEV3.SA
2025-05-02,13.495233677172804,13.588885899936896,13.22364330291748,13.22364330291748,35468500,0.0,0.0,ABEV3.SA
2025-05-05,13.223643431894304,13.345390965421576,13.139356609211287,13.167452812194824,29153300,0.0,0.0,ABEV3.SA
2025-05-06,13.111261041330474,13.345390702782803,13.111261041330474,13.307929992675781,21775000,0.0,0.0,ABEV3.SA
2025-05-07,13.401581190643501,13.42967649779387,13.16745154707843,13.364120483398438,23409200,0.0,0.0,ABEV3.SA
2025-05-08,13.832380233054291,14.075874391722278,13.382850837948508,13.457772254943848,45418600,0.0,0.0,ABEV3.SA
2025-05-09,13.382850965682788,13.495233092248444,13.29856414747511,13.373485565185547,23513400,0.0,0.0,ABEV3.SA
2025-05-12,13.354755339283765,13.420311354935755,13.186181706882957,13.382850646972656,19557500,0.0,0.0,ABEV3.SA
2025-05-13,13.439042538971224,13.467137847461823,13.233008192728065,13.345390319824219,20625000,0.0,0.0,ABEV3.SA
2025-05-14,13.289199445425938,13.51396460350411,13.289199445425938,13.32666015625,37228600,0.0,0.0,ABEV3.SA
2025-05-15,13.326658952049463,13.523327889388183,13.298563644753566,13.495232582092285,19063200,0.0,0.0,ABEV3.SA
2025-05-16,13.483894982546333,13.606732752368712,13.417750528251599,13.597284317016602,26057600,0.128,0.0,ABEV3.SA
2025-05-19,13.578386110390147,13.729571894876365,13.531140327453613,13.531140327453613,14202200,0.0,0.0,ABEV3.SA
2025-05-20,13.531139465900099,13.578385245828402,13.436648807181792,13.502792358398438,17554600,0.0,0.0,ABEV3.SA
2025-05-21,13.389402720396175,13.540588491791244,13.257114719856352,13.379953384399414,16478300,0.0,0.0,ABEV3.SA
2025-05-22,13.379953568120175,13.483894463235211,13.323259353637695,13.323259353637695,18062800,0.0,0.0,ABEV3.SA
2025-05-23,13.228767720159805,13.512241494390887,13.200420613078183,13.455546379089355,16090900,0.0,0.0,ABEV3.SA
2025-05-26,13.464996006739655,13.493343114435117,13.323259567124033,13.474445343017578,6439900,0.0,0.0,ABEV3.SA
2025-05-27,13.663427697396315,13.663427697396315,13.389403250607012,13.417750358581543,15568200,0.0,0.0,ABEV3.SA
2025-05-28,13.427199347614438,13.43664868374095,13.313810017511184,13.323259353637695,12853200,0.0,0.0,ABEV3.SA
2025-05-29,13.266564660275339,13.389403330414908,13.238217552131845,13.285463333129883,12528800,0.0,0.0,ABEV3.SA
2025-05-30,13.342157589901557,13.342157589901557,13.134276693562402,13.257115364074707,38207300,0.0,0.0,ABEV3.SA
2025-06-02,13.266564059782079,13.313809838641598,13.068132509482714,13.143725395202637,15049400,0.0,0.0,ABEV3.SA
2025-06-03,13.143725793240227,13.304360905544218,13.068132905231092,13.2382173538208,18971700,0.0,0.0,ABEV3.SA
2025-06-04,13.313809725628824,13.474444831704693,13.238216840550564,13.304360389709473,19154800,0.0,0.0,ABEV3.SA
2025-06-05,13.323259603996998,13.332708039162766,13.068132930616834,13.105929374694824,20132900,0.0,0.0,ABEV3.SA
2025-06-06,13.200420398011435,13.323259061548175,13.058683062635994,13.304360389709473,26987600,0.0,0.0,ABEV3.SA
2025-06-09,13.219318481802881,13.28546293366665,13.049234936917614,13.190971374511719,17173900,0.0,0.0,ABEV3.SA
2025-06-10,13.294912121142923,13.323260131176832,12.97364188319871,13.039786338806152,23640900,0.0,0.0,ABEV3.SA
2025-06-11,12.973640951763674,13.153174731202196,12.879150295182912,13.143725395202637,22849900,0.0,0.0,ABEV3.SA
2025-06-12,12.99254055655465,13.12482856663119,12.983091219876679,13.039786338806152,14788400,0.0,0.0,ABEV3.SA
2025-06-13,12.926395837921502,13.030335828603198,12.831904281928498,12.888599395751953,28248400,0.0,0.0,ABEV3.SA
2025-06-16,12.907497697502363,13.087031481050502,12.841354146267943,12.926396369934082,27978300,0.0,0.0,ABEV3.SA
2025-06-17,12.973640826901253,12.992539498718486,12.661819951023071,12.727964401245117,32452200,0.0,0.0,ABEV3.SA
2025-06-18,12.642922417965519,12.803557526878025,12.614575310845161,12.746862411499023,37567000,0.0,0.0,ABEV3.SA
2025-06-20,12.67127005135212,12.803558058638487,12.633473606575777,12.784659385681152,39451400,0.0,0.0,ABEV3.SA
2025-06-23,12.756311287726838,12.89804771935739,12.727964181628378,12.813006401062012,27562100,0.0,0.0,ABEV3.SA
2025-06-24,12.831904927265859,12.89804847910447,12.690168487286458,12.765761375427246,26798300,0.0,0.0,ABEV3.SA
2025-06-25,12.66182042216103,12.727964874844266,12.37834754346086,12.425592422485352,50901200,0.0,0.0,ABEV3.SA
2025-06-26,12.472838086341788,12.633473196714428,12.397245199241523,12.586227416992188,36177200,0.0,0.0,ABEV3.SA
2025-06-27,12.491736875168588,12.491736875168588,12.293305319395486,12.425592422485352,27309500,0.0,0.0,ABEV3.SA
2025-06-30,12.368898091863496,12.605126089336403,12.321652312141255,12.586227416992188,34532500,0.0,0.0,ABEV3.SA
2025-07-01,12.624023729280513,12.671269508511502,12.444490849568698,12.642922401428223,21493700,0.0,0.0,ABEV3.SA
2025-07-02,12.74686262551426,13.020887068647257,12.624023957745909,12.898048400878906,47073600,0.0,0.0,ABEV3.SA
2025-07-03,12.916947192121876,12.973641407835691,12.73741340637207,12.73741340637207,15694900,0.0,0.0,ABEV3.SA
2025-07-04,12.671269486201373,12.879150373768741,12.661820150144155,12.7752103805542,6452500,0.0,0.0,ABEV3.SA
2025-07-07,12.76576130818192,12.794108415800817,12.567329752573041,12.661820411682129,23165300,0.0,0.0,ABEV3.SA
2025-07-08,12.680718844585357,12.74686239482577,12.538982408030677,12.642922401428223,32803300,0.0,0.0,ABEV3.SA
2025-07-09,12.709066471430514,12.709066471430514,12.501185574995441,12.57677936553955,31299800,0.0,0.0,ABEV3.SA
2025-07-10,12.491736981972593,12.642922758875534,12.425592528723824,12.501185417175293,26865400,0.0,0.0,ABEV3.SA
2025-07-11,12.463388422601378,12.642922200599648,12.359448430854883,12.59567642211914,40755100,0.0,0.0,ABEV3.SA
2025-07-14,12.529534245547207,12.822456482167256,12.529534245547207,12.557881355285645,36420400,0.0,0.0,ABEV3.SA
2025-07-15,12.633474009416437,12.775211357701018,12.501185997911834,12.538983345031738,27675300,0.0,0.0,ABEV3.SA
2025-07-16,12.642922591426382,12.973641248736783,12.576779040191962,12.926396369934082,48903600,0.0,0.0,ABEV3.SA
2025-07-17,12.916947918221883,12.93584569080935,12.69961767606665,12.71851634979248,19213600,0.0,0.0,ABEV3.SA
2025-07-18,12.595676753164295,12.746862527364827,12.557880309614163,12.586227416992188,23902900,0.0,0.0,ABEV3.SA
2025-07-21,12.614575822600074,12.70906648388071,12.529533596650674,12.680719375610352,21355000,0.0,0.0,ABEV3.SA
2025-07-22,12.690168420439328,12.784659079548417,12.661820411682129,12.661820411682129,22285900,0.0,0.0,ABEV3.SA
2025-07-23,12.671269919820013,12.907497922504616,12.661820583439432,12.841354370117188,15345700,0.0,0.0,ABEV3.SA
2025-07-24,12.794108815351946,12.841354596951094,12.67127014364949,12.756312370300293,8292700,0.0,0.0,ABEV3.SA
2025-07-25,12.831904392825088,12.85080306464232,12.709065729427884,12.727964401245117,15436100,0.0,0.0,ABEV3.SA
2025-07-28,12.727965160318005,12.746862932123998,12.3122033669263,12.340551376342773,56671100,0.0,0.0,ABEV3.SA
2025-07-29,12.42559295115678,12.501185842178181,12.302755179100759,12.46338939666748,20942500,0.0,0.0,ABEV3.SA
2025-07-30,12.472838202648148,12.652371987039114,12.359448870940419,12.425592422485352,25805400,0.0,0.0,ABEV3.SA
2025-07-31,11.650764772412186,11.915339877470666,11.527926105493318,11.773603439331055,116074600,0.0,0.0,ABEV3.SA
2025-08-01,11.858645781115813,11.98148444926161,11.546824893183523,11.612968444824219,34261300,0.0,0.0,ABEV3.SA
2025-08-04,11.707460641260226,11.877544197738208,11.660214858462536,11.726358413696289,16396200,0.0,0.0,ABEV3.SA
2025-08-05,11.783052372859139,11.82084881514734,11.63186660370634,11.67911148071289,33909800,0.0,0.0,ABEV3.SA
2025-08-06,11.811400122327075,11.877543674647846,11.698010789289334,11.792501449584961,43866000,0.0,0.0,ABEV3.SA
2025-08-07,11.820849326363485,11.95313642952407,11.716908429722105,11.849196434020996,34814900,0.0,0.0,ABEV3.SA
2025-08-08,11.858645889444883,11.87754366102701,11.631867223629461,11.68856143951416,24174500,0.0,0.0,ABEV3.SA
2025-08-11,11.688561625539437,11.75470517883704,11.575172290827117,11.631867408752441,50587800,0.0,0.0,ABEV3.SA
2025-08-12,11.698010802701605,11.75470501871632,11.556273460388184,11.556273460388184,21327300,0.0,0.0,ABEV3.SA
2025-08-13,11.556273446982667,11.556273446982667,11.291698336564833,11.452333450317383,42653700,0.0,0.0,ABEV3.SA
2025-08-14,11.338943773205148,11.471231774968992,11.310596666090856,11.357842445373535,21777500,0.0,0.0,ABEV3.SA
2025-08-15,11.338944011634194,11.442884007331049,11.301147567640944,11.376740455627441,22229200,0.0,0.0,ABEV3.SA
2025-08-18,11.376740363527425,11.537375474482891,11.320045247427371,11.4050874710083,18813900,0.0,0.0,ABEV3.SA
2025-08-19,11.376740363527425,11.423986143421084,11.291698139946496,11.4050874710083,29267000,0.0,0.0,ABEV3.SA
2025-08-20,11.386189660333304,11.480680318655354,11.253901657316481,11.433435440063477,21759200,0.0,0.0,ABEV3.SA
2025-08-21,11.376740746506687,11.452333636425935,11.357842974596041,11.395639419555664,17547700,0.0,0.0,ABEV3.SA
2025-08-22,11.461782562919272,11.631867009722182,11.42398611931177,11.537375450134277,16592500,0.0,0.0,ABEV3.SA
2025-08-25,11.575172119724526,11.584621456095457,11.452333450317383,11.452333450317383,10382300,0.0,0.0,ABEV3.SA
2025-08-26,11.452333318319614,11.518476869877132,11.43343554693388,11.509028434753418,27024300,0.0,0.0,ABEV3.SA
2025-08-27,11.480680465698242,11.54682491862297,11.423986250206541,11.480680465698242,23328100,0.0,0.0,ABEV3.SA
2025-08-28,11.565723087696824,11.641315978376802,11.499579533636426,11.575172424316406,25303600,0.0,0.0,ABEV3.SA
2025-08-29,11.584621206034205,11.820849203378433,11.584621206034205,11.669663429260254,22696900,0.0,0.0,ABEV3.SA
2025-09-01,11.69801033571197,11.745256114597039,11.584621007070773,11.622417449951172,8227400,0.0,0.0,ABEV3.SA
2025-09-02,11.556273979869424,11.65076554565932,11.471232652024547,11.490130424499512,18419800,0.0,0.0,ABEV3.SA
2025-09-03,11.244452476501465,11.301147593188658,11.102716036490946,11.244452476501465,57777400,0.0,0.0,ABEV3.SA
2025-09-04,11.253902411163129,11.509029098112833,11.253902411163129,11.490130424499512,25257600,0.0,0.0,ABEV3.SA
2025-09-05,11.527926642356835,11.698011096955955,11.509028870256008,11.575172424316406,17025900,0.0,0.0,ABEV3.SA
2025-09-08,11.556273740327722,11.612968858854138,11.35784307833111,11.471232414245605,43983300,0.0,0.0,ABEV3.SA
2025-09-09,11.44288451721142,11.688561864683757,11.44288451721142,11.650765419006348,47583700,0.0,0.0,ABEV3.SA
2025-09-10,11.584620825561524,11.811399479290722,11.575171489704909,11.67911148071289,40403300,0.0,0.0,ABEV3.SA
2025-09-11,11.792501079469156,11.877543301862934,11.726357529224346,11.83029842376709,28340200,0.0,0.0,ABEV3.SA
2025-09-12,11.745256962454638,11.905892081576708,11.745256962454638,11.886993408203125,24015800,0.0,0.0,ABEV3.SA
2025-09-15,11.886992654537782,12.000381984175071,11.858645547413031,11.93423843383789,37293700,0.0,0.0,ABEV3.SA
2025-09-16,12.00038209235497,12.075974979461277,11.962585648801817,12.009831428527832,40985200,0.0,0.0,ABEV3.SA
2025-09-17,11.990932862924584,12.170466647253983,11.95313641903497,12.085424423217773,26865600,0.0,0.0,ABEV3.SA
2025-09-18,12.1043228619591,12.1043228619591,11.73580686529883,11.83029842376709,59380000,0.0,0.0,ABEV3.SA
2025-09-19,11.85864543914795,11.915339652879853,11.69801033167709,11.85864543914795,35447400,0.0,0.0,ABEV3.SA
2025-09-22,11.726357258857707,11.82084881514734,11.67911148071289,11.67911148071289,14169100,0.0,0.0,ABEV3.SA
2025-09-23,11.67911187981245,11.86809499884966,11.660214108591706,11.773603439331055,14643300,0.0,0.0,ABEV3.SA
2025-09-24,11.773603331105814,11.858645553663175,11.669663337501422,11.698010444641113,18134100,0.0,0.0,ABEV3.SA
2025-09-25,11.707459888351009,11.924789213650186,11.641315436232667,11.773603439331055,25988200,0.0,0.0,ABEV3.SA
2025-09-26,11.8397469903111,11.85864566267014,11.707459888351009,11.773603439331055,12757700,0.0,0.0,ABEV3.SA
2025-09-29,11.905892208099836,11.905892208099836,11.698011304473017,11.726358413696289,21050900,0.0,0.0,ABEV3.SA
2025-09-30,11.556272575930851,11.735806348892936,11.376739704107013,11.423985481262207,52485900,0.0,0.0,ABEV3.SA
2025-10-01,11.518477662546752,11.518477662546752,11.225555427372525,11.329495429992676,28764000,0.0,0.0,ABEV3.SA
2025-10-02,11.367291104850123,11.480680436685287,11.206655992799067,11.27280044555664,25828200,0.0,0.0,ABEV3.SA
2025-10-03,11.178309016730562,11.291698349900692,11.102716127950474,11.216105461120605,21785000,0.0,0.0,ABEV3.SA
2025-10-06,11.225554558270536,11.338943889024183,11.131062998740017,11.1972074508667,14804500,0.0,0.0,ABEV3.SA
2025-10-07,11.140512359073709,11.206655910205496,11.064919471740723,11.064919471740723,18071700,0.0,0.0,ABEV3.SA
2025-10-08,11.112165136423435,11.253901573419016,11.06491935704548,11.225554466247559,14723700,0.0,0.0,ABEV3.SA
2025-10-09,11.272800996231458,11.310597442022864,11.036572984750586,11.074369430541992,28928400,0.0,0.0,ABEV3.SA
2025-10-10,11.13106342074202,11.216105647315958,11.093266975724529,11.159411430358887,21477200,0.0,0.0,ABEV3.SA
2025-10-13,11.178308395885784,11.272799952181977,11.131062617737687,11.206655502319336,11694900,0.0,0.0,ABEV3.SA
2025-10-14,11.149961467382472,11.433435239656436,11.10271568848043,11.386189460754395,29046500,0.0,0.0,ABEV3.SA
2025-10-15,11.329495429992676,11.433436333751192,11.253902536971045,11.329495429992676,28407100,0.0,0.0,ABEV3.SA
2025-10-16,11.329494689535961,11.565722690074102,11.263351137749542,11.480680465698242,26420200,0.0,0.0,ABEV3.SA
2025-10-17,11.461782773698738,11.716908547456509,11.43343566575639,11.68856143951416,23480500,0.0,0.0,ABEV3.SA
2025-10-20,11.650764374281307,11.764153701145906,11.612967931993108,11.67911148071289,18260900,0.0,0.0,ABEV3.SA
2025-10-21,11.641316072480173,11.669664082568072,11.480680953202128,11.546825408935547,26607400,0.0,0.0,ABEV3.SA
2025-10-22,11.57517191817016,11.594070590582943,11.395639035940208,11.4050874710083,29517800,0.0,0.0,ABEV3.SA
2025-10-23,11.433435678713838,11.509028567404647,11.367291225255643,11.452333450317383,25355600,0.0,0.0,ABEV3.SA
2025-10-24,11.509027941376411,11.584620825955382,11.38618927865102,11.442883491516113,21686700,0.0,0.0,ABEV3.SA
2025-10-27,11.54682491862297,11.70746003107997,11.43343558650126,11.480680465698242,40310400,0.0,0.0,ABEV3.SA
2025-10-28,11.461783013805524,11.480680785783532,11.33894434196431,11.367291450500488,29170400,0.0,0.0,ABEV3.SA
2025-10-29,11.395639460175,11.471232350363694,11.320045668847971,11.367291450500488,38485900,0.0,0.0,ABEV3.SA
2025-10-30,11.811400187795817,11.962585966017473,11.669663745997596,11.896442413330078,91617100,0.0,0.0,ABEV3.SA
2025-10-31,11.820849210762063,12.208262982466461,11.820849210762063,12.009831428527832,32112500,0.0,0.0,ABEV3.SA
2025-11-03,12.179915667530132,12.22716054531276,12.02872899475557,12.198813438415527,28265800,0.0,0.0,ABEV3.SA
2025-11-04,12.179915663348247,12.435041427612305,12.123220548434967,12.435041427612305,27058100,0.0,0.0,ABEV3.SA
2025-11-05,12.43504171908037,12.557880386656489,12.387795939068278,12.453940391540527,21385300,0.0,0.0,ABEV3.SA
2025-11-06,12.510635168514701,12.510635168514701,12.35944938659668,12.35944938659668,15494600,0.0,0.0,ABEV3.SA
2025-11-07,12.359448012153855,12.557879554139097,12.331100906481176,12.397244453430176,30240300,0.0,0.0,ABEV3.SA
2025-11-10,12.520083942874477,12.529533279104555,12.368898167746423,12.453940391540527,25239700,0.0,0.0,ABEV3.SA
2025-11-11,12.557880586668,12.898048586124036,12.510634805903416,12.841354370117188,36404100,0.0,0.0,ABEV3.SA
2025-11-12,12.841354277698635,12.907497829610032,12.80355783358665,12.869701385498047,32756700,0.0,0.0,ABEV3.SA
2025-11-13,12.888600681068604,12.992540682115724,12.765762006482909,12.879151344299316,23794500,0.0,0.0,ABEV3.SA
2025-11-14,12.926396939567107,13.077582721130035,12.898048929670303,12.935845375061035,15539900,0.0,0.0,ABEV3.SA
2025-11-17,12.888600032513375,13.068132916403991,12.879150696219577,13.001989364624023,33654100,0.0,0.0,ABEV3.SA
2025-11-18,12.935844621425316,13.134276173450722,12.916946850400095,12.9830904006958,46389400,0.0,0.0,ABEV3.SA
2025-11-19,12.98309029588335,13.096479624534151,12.671269416809082,12.671269416809082,101108300,0.0,0.0,ABEV3.SA
2025-11-21,12.794108497274078,12.95474361003459,12.62402404820099,12.869701385498047,35463400,0.0,0.0,ABEV3.SA
2025-11-24,12.831904589291542,13.105929026869056,12.81300681832324,13.011438369750977,43126600,0.0,0.0,ABEV3.SA
2025-11-25,13.03978551604804,13.153174845614231,12.86970107112961,12.9830904006958,20205700,0.0,0.0,ABEV3.SA
2025-11-26,13.039786035347026,13.049235371805093,12.831905138961174,12.916947364807129,33961700,0.0,0.0,ABEV3.SA
2025-11-27,12.945294670911213,13.011439125990371,12.898048889037053,12.964193344116211,8093600,0.0,0.0,ABEV3.SA
2025-11-28,12.945294589432802,13.190971932721455,12.907498144399034,13.096480369567871,23319400,0.0,0.0,ABEV3.SA
2025-12-01,13.07758224151681,13.24766669010652,13.039785797512241,13.2382173538208,15984500,0.0,0.0,ABEV3.SA
2025-12-02,13.238216730860586,13.559486940350325,13.08703096195677,13.228767395019531,36109000,0.0,0.0,ABEV3.SA
2025-12-03,13.285464004220588,13.370505332946777,13.200421774356034,13.370505332946777,15674100,0.0,0.0,ABEV3.SA
2025-12-04,13.398852600443417,13.427199708446437,13.087031708995264,13.181522369384766,37988200,0.0,0.0,ABEV3.SA
2025-12-05,13.20042128727752,13.332708394507057,12.841354608397587,12.860252380371094,61741400,0.0,0.0,ABEV3.SA
2025-12-08,12.935844937409444,13.00198939045915,12.841354277698635,12.869701385498047,19119600,0.0,0.0,ABEV3.SA
2025-12-09,12.765760733416354,12.983090050606695,12.71851495541985,12.888599395751953,38541700,0.0,0.0,ABEV3.SA
2025-12-10,12.529533155692294,12.898048253652583,12.416143825463106,12.85080337524414,91743100,0.0,0.0,ABEV3.SA
2025-12-11,12.784659370030385,13.077582492542202,12.680719372307262,13.02088737487793,22635200,0.0,0.0,ABEV3.SA
2025-12-12,13.077582150494175,13.27601370542161,13.039785706752678,13.26656436920166,30262800,0.0,0.0,ABEV3.SA
2025-12-15,13.266564685417116,13.559487807249416,13.257115348971936,13.493343353271484,22268400,0.0,0.0,ABEV3.SA
2025-12-16,13.285462727846635,13.493342712945715,13.238216949001107,13.379953384399414,43020300,0.0,0.0,ABEV3.SA
2025-12-17,13.219318350799227,13.351606352077496,13.134276128630217,13.247666358947754,28631200,0.0,0.0,ABEV3.SA
2025-12-18,13.18152246220654,13.37995402190162,13.153175354003906,13.153175354003906,23928400,0.0,0.0,ABEV3.SA
2025-12-19,13.143403203943615,13.28301385522204,13.103514310574603,13.243124961853027,30380100,0.7302,0.0,ABEV3.SA
2025-12-22,13.24312413653046,13.2630690574851,12.963901900348738,13.083568572998047,26993300,0.0,0.0,ABEV3.SA
2025-12-23,13.133430001446992,13.532318912619356,13.10351357086561,13.432597160339355,45087200,0.0,0.0,ABEV3.SA
2025-12-26,13.362791738819922,13.781625597743572,13.362791738819922,13.681903839111328,29118400,0.0,0.0,ABEV3.SA
2025-12-29,13.642014698278672,13.831486701965332,13.502403097491612,13.831486701965332,20303700,0.0,0.0,ABEV3.SA
2025-12-30,13.86140302225277,14.050875975439395,13.821514129638672,13.821514129638672,25304800,0.0,0.0,ABEV3.SA
2026-01-02,13.841458625236978,13.981070220600348,13.52234749415063,13.612096786499023,24557600,0.0,0.0,ABEV3.SA
2026-01-05,13.592153480116986,13.721792621208527,13.532319664603108,13.671931266784668,17543300,0.0,0.0,ABEV3.SA
2026-01-06,13.761681402493776,13.811542756511662,13.592153369448704,13.661958694458008,28548900,0.0,0.0,ABEV3.SA
2026-01-07,13.612097340440123,13.681903616475651,13.562236937448464,13.661958694458008,28605400,0.0,0.0,ABEV3.SA
2026-01-08,13.642014058912602,13.761680732110376,13.302958009339157,13.60212516784668,31130800,0.0,0.0,ABEV3.SA
2026-01-09,13.582180273584585,13.921236323826648,13.572207813041894,13.86140251159668,17408500,0.0,0.0,ABEV3.SA
2026-01-12,13.771653219791,14.001014106115818,13.731764328646415,13.86140251159668,14562800,0.0,0.0,ABEV3.SA
2026-01-13,13.821513731834251,14.060848031656644,13.731764439305318,13.87137508392334,33777500,0.0,0.0,ABEV3.SA
2026-01-14,13.891320358172035,14.200459037133,13.891320358172035,14.16057014465332,22198700,0.0,0.0,ABEV3.SA
2026-01-15,14.240348066653947,14.240348066653947,13.961125816609108,14.001014709472656,21374400,0.0,0.0,ABEV3.SA
2026-01-16,14.060848236083984,14.100737128129953,13.961125530455961,14.060848236083984,31536400,0.0,0.0,ABEV3.SA
2026-01-19,14.020959232716924,14.130653447215858,13.941180498232196,14.050875663757324,8040400,0.0,0.0,ABEV3.SA
2026-01-20,14.040902979634177,14.170542113447882,13.961125197445156,14.030930519104004,20664800,0.0,0.0,ABEV3.SA
2026-01-21,14.21043176387158,14.300182011386545,14.050876190967745,14.270265579223633,35138900,0.0,0.0,ABEV3.SA
2026-01-22,14.320125275950115,14.75890403081312,14.280236384692222,14.549487113952637,47662500,0.0,0.0,ABEV3.SA
2026-01-23,14.63923793065984,15.068043290727848,14.499626330273614,14.858626365661621,53554400,0.0,0.0,ABEV3.SA
2026-01-26,14.928432397849528,15.09796042732946,14.689098093802082,15.008210182189941,22156500,0.0,0.0,ABEV3.SA
2026-01-27,15.187709629719711,15.207654551197464,14.828709602355957,14.828709602355957,24248800,0.0,0.0,ABEV3.SA
2026-01-28,14.958348672392837,15.078015347648837,14.768876674327387,14.908487319946289,23714500,0.0,0.0,ABEV3.SA
2026-01-29,14.968320929271846,15.01818228103946,14.559459556624544,14.719015121459961,33726800,0.0,0.0,ABEV3.SA
2026-01-30,14.719015168115998,14.928432085382834,14.709042707525628,14.808765411376953,40087800,0.0,0.0,ABEV3.SA
2026-02-02,14.938404018557533,15.137849431915887,14.798793370438139,15.018182754516602,19323000,0.0,0.0,ABEV3.SA
2026-02-03,15.097960274282789,15.347266085575942,15.038126461120907,15.33729362487793,32249800,0.0,0.0,ABEV3.SA
2026-02-04,15.237570985805371,15.387155043843467,15.16776566266998,15.257515907287598,27049700,0.0,0.0,ABEV3.SA
2026-02-05,15.357237749116235,15.476905376638985,15.137849317719008,15.437015533447266,26311400,0.0,0.0,ABEV3.SA
2026-02-06,15.476905668316515,15.526766071193423,15.287432713689862,15.377182960510254,23511000,0.0,0.0,ABEV3.SA
2026-02-09,15.41707152054602,15.45696041260201,15.117904354613,15.34726619720459,22980900,0.0,0.0,ABEV3.SA
2026-02-10,15.297404974126717,15.746155251319331,15.2575160817324,15.61651611328125,35103300,0.0,0.0,ABEV3.SA
2026-02-11,15.726211547851562,15.905711091162898,15.5865999465861,15.726211547851562,26720300,0.0,0.0,ABEV3.SA
2026-02-12,15.865821925464894,16.723434538317836,15.855849464611671,16.47412872314453,55037900,0.0,0.0,ABEV3.SA
2026-02-13,16.07523888158957,16.36443262161412,16.05529396102172,16.30459976196289,23238400,0.0,0.0,ABEV3.SA
2026-02-18,16.26471129635753,16.44421179254416,15.965545070748128,16.0852108001709,29705300,0.0,0.0,ABEV3.SA
2026-02-19,16.145046012282325,16.234796262851326,16.005433454701365,16.12510108947754,23244500,0.0,0.0,ABEV3.SA
2026-02-20,16.015405326328874,16.05529517046948,15.666377749334634,15.985489845275879,33875800,0.0,0.0,ABEV3.SA
2026-02-23,15.885766063545585,16.284654967735676,15.776070901623687,16.145044326782227,29917200,0.0,0.0,ABEV3.SA
2026-02-24,16.184933714095465,16.53396224975586,16.184933714095465,16.53396224975586,31221100,0.0,0.0,ABEV3.SA
2026-02-25,16.563879325730714,16.593794806882652,16.214850796555872,16.334516525268555,29966400,0.0,0.0,ABEV3.SA
2026-02-26,16.37440574926459,16.553906237586446,16.314572887174766,16.36443328857422,18040900,0.0,0.0,ABEV3.SA
2026-02-27,16.274683400537377,16.474128814604256,16.2048780762297,16.224822998046875,34463800,0.0,0.0,ABEV3.SA
2026-03-02,15.92565565214361,16.155017495377734,15.825932946211172,15.865821838378906,18638600,0.0,0.0,ABEV3.SA
2026-03-03,15.307377391334189,15.536738284190955,15.107931978905095,15.526765823364258,40085300,0.0,0.0,ABEV3.SA
2026-03-04,15.656405297676793,15.796016899173846,15.357238123626669,15.556683540344238,26249500,0.0,0.0,ABEV3.SA
2026-03-05,15.446987793192612,15.516794066843344,15.217626903982735,15.247543334960938,26954000,0.0,0.0,ABEV3.SA
2026-03-06,15.25751608331657,15.297404975715027,14.918460022416568,15.18770980834961,17914800,0.0,0.0,ABEV3.SA
2026-03-09,15.157793464128721,15.516794448809199,15.087988139785836,15.367210388183594,21901300,0.0,0.0,ABEV3.SA
2026-03-10,15.38715480000163,15.67634949972761,15.347265908695501,15.407098770141602,20894000,0.0,0.0,ABEV3.SA
2026-03-11,15.26748885321923,15.506822212454598,15.157793683633347,15.387155532836914,19594000,0.0,0.0,ABEV3.SA
2026-03-12,15.177738052541935,15.207654483599384,14.82870953644229,14.908487319946289,37546800,0.0,0.0,ABEV3.SA
2026-03-13,14.82871008714028,15.187710126240564,14.82871008714028,14.958349227905273,25418200,0.0,0.0,ABEV3.SA
2026-03-16,15.157792888746743,15.27745956208901,15.05807113647461,15.05807113647461,28906400,0.0,0.0,ABEV3.SA
2026-03-17,15.107931602294878,15.147820493581106,14.908487145863742,14.978293418884277,27499600,0.0,0.0,ABEV3.SA
2026-03-18,14.908487857486234,15.018183027029046,14.699070930480957,14.699070930480957,20403700,0.0,0.0,ABEV3.SA
2026-03-19,14.47968188408293,14.728987693786621,14.399903150033655,14.728987693786621,30848100,0.0,0.0,ABEV3.SA
2026-03-20,14.649209449540036,14.709043264321014,14.290209413932827,14.429821014404297,65705300,0.0,0.0,ABEV3.SA
2026-03-23,14.639238135092706,14.788821247503373,14.489654071655803,14.619293212890625,23231600,0.0,0.0,ABEV3.SA
2026-03-24,14.619292702862323,14.719015408341198,14.459737134917086,14.659181594848633,13573700,0.0,0.0,ABEV3.SA
2026-03-25,14.84865511964234,15.078016019682503,14.748932410304558,14.968321800231934,25296600,0.0,0.0,ABEV3.SA
2026-03-26,14.838682574785528,15.00821060908756,14.768877249258656,14.78882122039795,13324100,0.0,0.0,ABEV3.SA
2026-03-27,14.748931552110056,14.958348468713087,14.699070200342442,14.719015121459961,17884700,0.0,0.0,ABEV3.SA
2026-03-30,14.808765299565367,14.878570621118529,14.689097675436836,14.798792839050293,18158200,0.0,0.0,ABEV3.SA
2026-03-31,14.958349134101242,15.21762741400529,14.898515319113299,15.20765495300293,36180800,0.0,0.0,ABEV3.SA
2026-04-01,15.227599188329217,15.437015153777983,15.13784894540764,15.31734848022461,23927000,0.0,0.0,ABEV3.SA
2026-04-02,15.107931627977115,15.367209897291438,15.058071227054212,15.237570762634277,25947900,0.0,0.0,ABEV3.SA
2026-04-06,15.257515665500165,15.516793934503095,15.257515665500165,15.407098770141602,14919000,0.0,0.0,ABEV3.SA
2026-04-07,15.327321317748652,15.437015533447266,15.177738209884524,15.437015533447266,18339600,0.0,0.0,ABEV3.SA
2026-04-08,15.915683592540441,15.985489868863274,15.606543957178197,15.815960884094238,34907800,0.0,0.0,ABEV3.SA
2026-04-09,15.945600328281472,16.20487861435749,15.80598967502996,16.015405654907227,33451600,0.0,0.0,ABEV3.SA
2026-04-10,16.254737763821304,16.29462760570126,15.995461399810992,16.075239181518555,23124300,0.0,0.0,ABEV3.SA
2026-04-13,16.075239936759058,16.1450452612762,15.805989197576578,15.885766983032227,23073100,0.0,0.0,ABEV3.SA
2026-04-14,15.925655430625701,15.975516782898373,15.786043834467456,15.845877647399902,22292800,0.0,0.0,ABEV3.SA
2026-04-15,15.796016581629223,15.89573833695709,15.696293875275147,15.786044120788574,24739300,0.0,0.0,ABEV3.SA
2026-04-16,15.35723814966282,15.53673864460246,15.2575163921612,15.387155532836914,49811600,0.0,0.0,ABEV3.SA
2026-04-17,15.596572303100205,15.726211442472392,15.267488699703968,15.287432670593262,36665400,0.0,0.0,ABEV3.SA
2026-04-20,15.297404911030048,15.42704404853341,15.23757109717226,15.267488479614258,14954700,0.0,0.0,ABEV3.SA
2026-04-22,15.277460373772191,15.36721062130382,14.958349227905273,14.958349227905273,26157200,0.0,0.0,ABEV3.SA
2026-04-23,14.958349211730582,14.958349211730582,14.699070930480957,14.699070930480957,25435000,0.0,0.0,ABEV3.SA
2026-04-24,14.67912620075662,14.68909771026916,14.419847932906938,14.459736824035645,24151800,0.0,0.0,ABEV3.SA
2026-04-27,14.579403944371066,14.669154189918602,14.45973726731642,14.499626159667969,18935100,0.0,0.0,ABEV3.SA
2026-04-28,14.369987459881088,14.589376850016455,14.360014998732607,14.539515495300293,15614300,0.0,0.0,ABEV3.SA
2026-04-29,14.46970930234099,14.51957065406964,14.280236355977355,14.29020881652832,18123700,0.0,0.0,ABEV3.SA
2026-04-30,14.320125340204386,14.599348531288692,14.320125340204386,14.469709396362305,26546800,0.0,0.0,ABEV3.SA
2026-05-04,14.529542433920303,14.579403786576638,14.38993178771401,14.399903297424316,21318400,0.0,0.0,ABEV3.SA
2026-05-05,15.51679480798255,16.793240352659193,15.51679480798255,16.60376739501953,109952300,0.0,0.0,ABEV3.SA
2026-05-06,16.613739369515553,16.962767891137794,16.533961584749246,16.902935028076172,31822900,0.0,0.0,ABEV3.SA
2026-05-07,16.81318450937886,16.992684997700717,16.27468304441329,16.36443328857422,30952400,0.0,0.0,ABEV3.SA
2026-05-08,16.44421102581209,16.50404388773369,16.13507235348936,16.274682998657227,41784100,0.0,0.0,ABEV3.SA
2026-05-11,16.15501745158869,16.454183666522685,16.12510006927433,16.204877853393555,19740000,0.0,0.0,ABEV3.SA
2026-05-12,16.164988587136904,16.274683757484837,16.05529531884144,16.0852108001709,19751300,0.0,0.0,ABEV3.SA
2026-05-13,16.115127652183794,16.25473829925776,15.805988975640409,15.865821838378906,28456100,0.0,0.0,ABEV3.SA
2026-05-14,15.915683552187481,16.055295153452946,15.7062666258024,15.726211547851562,22570000,0.0,0.0,ABEV3.SA
2026-05-15,15.62648890547997,15.845878293813744,15.456960871452903,15.646432876586914,31009700,0.0,0.0,ABEV3.SA
2026-05-18,15.676349685550361,15.80598882158853,15.566654519888573,15.76609992980957,20757200,0.0,0.0,ABEV3.SA
2026-05-19,15.606543411667534,15.86582168374387,15.486876736330654,15.76609992980957,25814600,0.0,0.0,ABEV3.SA
2026-05-20,15.86582240255184,16.264711338413274,15.825933508965695,16.17496109008789,24281300,0.0,0.0,ABEV3.SA
2026-05-21,16.0652679032211,16.504044783874175,16.035350519609644,16.354461669921875,20774700,0.0,0.0,ABEV3.SA
2026-05-22,16.155016738123244,16.254737537328932,16.0453215765342,16.055294036865234,24010300,0.0,0.0,ABEV3.SA
2026-05-25,16.155018152002974,16.364434131125694,16.1151283071877,16.354461669921875,14643100,0.0,0.0,ABEV3.SA
2026-05-26,16.853072543310063,16.873017464801123,16.344488457602385,16.543933868408203,35881800,0.0,0.0,ABEV3.SA
2026-05-27,16.74337950479466,16.873017692128354,16.52398916954197,16.563879013061523,37022600,0.0,0.0,ABEV3.SA
2026-05-28,16.553906826897247,16.603767230071703,16.20487829851866,16.244768142700195,24813300,0.0,0.0,ABEV3.SA
2026-05-29,16.244767518722618,16.414293643825093,15.97551678699683,16.274682998657227,86401700,0.0,0.0,ABEV3.SA
2026-06-01,16.344488589922477,16.523989080690416,16.0951827754231,16.38437843322754,37464400,0.0,0.0,ABEV3.SA
2026-06-02,16.44421151967574,16.583822169036488,16.374406194995366,16.40432357788086,15806800,0.0,0.0,ABEV3.SA
2026-06-03,16.174960380186004,16.27468308528776,16.00543235212874,16.02537727355957,24645900,0.0,0.0,ABEV3.SA
2026-06-05,15.9954628953515,16.21485134004654,15.905711693756235,16.12510108947754,22964600,0.0,0.0,ABEV3.SA
2026-06-08,16.06526818369431,16.184933916124322,15.905711654726353,16.035350799560547,18008000,0.0,0.0,ABEV3.SA
2026-06-09,16.174960024583086,16.304600108980978,16.085209782169887,16.164987564086914,23741600,0.0,0.0,ABEV3.SA
2026-06-10,16.08520961288327,16.23479461669922,16.08520961288327,16.23479461669922,23080500,0.0,0.0,ABEV3.SA
2026-06-11,16.17496003809129,16.593793869018555,16.145044558630143,16.593793869018555,33555900,0.0,0.0,ABEV3.SA
2026-06-12,16.45418384543518,16.723434583034884,16.394350982208277,16.563879013061523,14291900,0.0,0.0,ABEV3.SA
2026-06-15,16.723434131867123,16.773294532868995,16.514016263144033,16.523988723754883,19463100,0.0,0.0,ABEV3.SA
2026-06-16,16.434237991083492,16.51401577154303,16.304599811106364,16.394350051879883,13495700,0.0,0.0,ABEV3.SA
2026-06-17,16.314572348819556,16.66359895120318,16.06526654594421,16.145044326782227,32858800,0.0,0.0,ABEV3.SA
2026-06-18,16.08521084176251,16.294628721872563,16.0552953603557,16.17496109008789,41278300,0.0,0.0,ABEV3.SA
2026-06-19,16.12509975376987,16.264710397733786,16.00543212890625,16.00543212890625,26925200,0.0,0.0,ABEV3.SA
2026-06-22,16.115128628075148,16.33451707277019,16.025378377506147,16.12510108947754,22020700,0.0,0.0,ABEV3.SA
2026-06-23,16.049999237060547,16.43000030517578,16.049999237060547,16.3700008392334,27581700,0.0449,0.0,ABEV3.SA
2026-06-24,16.290000915527344,16.520000457763672,16.25,16.3799991607666,22826200,0.0,0.0,ABEV3.SA
2026-06-25,16.399999618530273,16.489999771118164,16.229999542236328,16.389999389648438,18193000,0.0,0.0,ABEV3.SA
2026-06-26,16.43000030517578,16.760000228881836,16.3799991607666,16.729999542236328,21690800,0.0,0.0,ABEV3.SA
2026-06-29,16.790000915527344,16.850000381469727,16.520000457763672,16.59000015258789,17657800,0.0,0.0,ABEV3.SA
2026-06-30,16.459999084472656,16.5,16.239999771118164,16.290000915527344,22299700,0.0,0.0,ABEV3.SA
2026-07-01,16.1299991607666,16.389999389648438,16.09000015258789,16.200000762939453,17744600,0.0,0.0,ABEV3.SA
2026-07-02,16.3799991607666,16.479999542236328,16.219999313354492,16.299999237060547,17656700,0.0,0.0,ABEV3.SA
2026-07-03,16.450000762939453,16.450000762939453,16.149999618530273,16.290000915527344,6915200,0.0,0.0,ABEV3.SA
2026-07-06,16.09000015258789,16.100000381469727,15.6899995803833,15.880000114440918,32014900,0.0,0.0,ABEV3.SA
2026-07-07,15.84000015258789,16.1200008392334,15.5600004196167,15.609999656677246,37381000,0.0,0.0,ABEV3.SA
2026-07-08,15.529999732971191,15.739999771118164,15.520000457763672,15.619999885559082,24227600,0.0,0.0,ABEV3.SA
2026-07-09,15.729999542236328,15.789999961853027,15.640000343322754,15.720000267028809,23964000,0.0,0.0,ABEV3.SA
2026-07-10,15.949999809265137,15.989999771118164,15.720000267028809,15.819999694824219,34757600,0.0,0.0,ABEV3.SA
2026-07-13,15.8100004196167,16.030000686645508,15.699999809265137,15.829999923706055,31167700,0.0,0.0,ABEV3.SA
2026-07-14,15.9399995803833,16.0,15.779999732971191,15.8100004196167,17907700,0.0,0.0,ABEV3.SA
2026-07-15,15.59000015258789,15.729999542236328,15.350000381469727,15.569999694824219,31466500,0.0,0.0,ABEV3.SA
2026-07-16,15.489999771118164,15.710000038146973,15.460000038146973,15.600000381469727,20772600,0.0,0.0,ABEV3.SA
2026-07-17,15.59000015258789,15.75,15.510000228881836,15.630000114440918,16137900,0.0,0.0,ABEV3.SA
2026-07-20,15.649999618530273,15.829999923706055,15.579999923706055,15.789999961853027,24319600,0.0,0.0,ABEV3.SA
2026-07-21,15.739999771118164,15.899999618530273,15.739999771118164,15.800000190734863,19628700,0.0,0.0,ABEV3.SA
2026-07-22,15.850000381469727,16.139999389648438,15.739999771118164,16.1299991607666,28818200,0.0,0.0,ABEV3.SA
2026-07-23,16.040000915527344,16.110000610351562,15.84000015258789,15.920000076293945,18873800,0.0,0.0,ABEV3.SA
2026-07-24,15.789999961853027,15.899999618530273,15.609999656677246,15.640000343322754,15224800,0.0,0.0,ABEV3.SA
2026-07-27,15.739999771118164,15.890000343322754,15.5600004196167,15.859999656677246,30052500,0.0,0.0,ABEV3.SA
2026-07-28,16.200000762939453,16.3700008392334,16.010000228881836,16.100000381469727,37458000,0.0,0.0,ABEV3.SA
2026-07-29,16.049999237060547,16.229999542236328,15.899999618530273,15.899999618530273,37839300,0.0,0.0,ABEV3.SA
2026-07-30,15.220000267028809,15.960000038146973,15.119999885559082,15.960000038146973,70813600,0.0,0.0,ABEV3.SA
2026-07-31,16.100000381469727,16.100000381469727,15.850000381469727,15.989999771118164,38243300,0.0,0.0,ABEV3.SA
2026-08-03,16.06999969482422,16.1200008392334,15.729999542236328,15.770000457763672,34419100,0.0,0.0,ABEV3.SA
2026-08-04,16.0,16.010000228881836,15.579999923706055,15.869999885559082,28395700,0.0,0.0,ABEV3.SA
2026-08-05,15.960000038146973,15.960000038146973,15.779999732971191,15.84000015258789,35610400,0.0,0.0,ABEV3.SA
2026-08-06,15.75,15.779999732971191,15.5600004196167,15.65999984741211,27603100,0.0,0.0,ABEV3.SA
2026-08-07,15.649999618530273,15.680000305175781,15.449999809265137,15.479999542236328,23662500,0.0,0.0,ABEV3.SA
2026-08-10,15.399999618530273,15.479999542236328,15.25,15.270000457763672,20681500,0.0,0.0,ABEV3.SA
2026-08-11,15.210000038146973,15.300000190734863,14.930000305175781,15.010000228881836,33997000,0.0,0.0,ABEV3.SA
2026-08-12,15.0,15.069999694824219,14.8100004196167,14.850000381469727,26999400,0.0,0.0,ABEV3.SA
2026-08-13,14.789999961853027,15.0600004196167,14.789999961853027,14.920000076293945,21998800,0.0,0.0,ABEV3.SA
2026-08-14,14.850000381469727,14.979999542236328,14.640000343322754,14.75,33534300,0.0,0.0,ABEV3.SA
2026-08-17,14.739999771118164,14.880000114440918,14.59000015258789,14.670000076293945,34531700,0.0,0.0,ABEV3.SA
2026-08-18,14.65999984741211,14.869999885559082,14.630000114440918,14.729999542236328,19528000,0.0,0.0,ABEV3.SA
2026-08-19,14.859999656677246,15.09000015258789,14.680000305175781,14.779999732971191,23868700,0.0,0.0,ABEV3.SA
2026-08-20,14.649999618530273,14.930000305175781,14.600000381469727,14.899999618530273,41094500,0.0,0.0,ABEV3.SA
2026-08-21,14.960000038146973,15.039999961853027,14.869999885559082,15.0,19912500,0.0,0.0,ABEV3.SA
2026-08-24,15.0,15.369999885559082,14.949999809265137,15.25,34068000,0.0,0.0,ABEV3.SA
2026-08-25,15.300000190734863,15.3100004196167,15.010000228881836,15.3100004196167,17428900,0.0,0.0,ABEV3.SA
2026-08-26,15.260000228881836,15.4399995803833,15.180000305175781,15.239999771118164,12976600,0.0,0.0,ABEV3.SA
2026-08-27,15.15999984741211,15.1899995803833,14.979999542236328,15.119999885559082,23629700,0.0,0.0,ABEV3.SA
2026-08-28,15.15999984741211,15.199999809265137,15.0,15.1899995803833,16656800,0.0,0.0,ABEV3.SA
2026-08-31,15.300000190734863,15.3100004196167,15.029999732971191,15.029999732971191,50670600,0.0,0.0,ABEV3.SA
2026-09-01,15.180000305175781,15.399999618530273,15.029999732971191,15.170000076293945,49321300,0.0,0.0,ABEV3.SA
2026-09-02,15.3100004196167,15.680000305175781,15.170000076293945,15.600000381469727,45834800,0.0,0.0,ABEV3.SA
2026-09-03,15.819999694824219,15.869999885559082,15.640000343322754,15.760000228881836,33952600,0.0,0.0,ABEV3.SA
2026-09-04,15.760000228881836,15.880000114440918,15.619999885559082,15.739999771118164,27638900,0.0,0.0,ABEV3.SA
2026-09-08,15.949999809265137,16.030000686645508,15.739999771118164,15.819999694824219,25579200,0.0,0.0,ABEV3.SA
2026-09-09,15.6899995803833,15.779999732971191,15.510000228881836,15.579999923706055,22611500,0.0,0.0,ABEV3.SA
2026-09-10,15.5600004196167,15.789999961853027,15.470000267028809,15.739999771118164,21311000,0.0,0.0,ABEV3.SA
2026-09-11,15.779999732971191,15.779999732971191,15.59000015258789,15.619999885559082,22932100,0.0,0.0,ABEV3.SA
